secid,date,rate
108105,2020-08-31,1.588993
108105,2020-09-01,1.590263
108105,2020-09-02,1.572741
108105,2020-09-03,1.577477
108105,2020-09-04,1.58221
108105,2020-09-08,1.601256
108105,2020-09-09,1.605431
108105,2020-09-10,1.610471
108105,2020-09-11,1.611599
108105,2020-09-14,1.592573
108105,2020-09-15,1.595885
108105,2020-09-16,1.61005
108105,2020-09-17,1.61435
108105,2020-09-18,1.615432
108105,2020-09-21,1.608109
108105,2020-09-22,1.608686
108105,2020-09-23,1.609786
108105,2020-09-24,1.608937
108105,2020-09-25,1.614745
108105,2020-09-28,1.616842
108105,2020-09-29,1.621839
108105,2020-09-30,1.636531
108105,2020-10-01,1.641054
108105,2020-10-02,1.646084
108105,2020-10-05,1.645623
108105,2020-10-06,1.648864
108105,2020-10-07,1.650549
108105,2020-10-08,1.637129
108105,2020-10-09,1.634105
108105,2020-10-12,1.632008
108105,2020-10-13,1.62591
108105,2020-10-14,1.623202
108105,2020-10-15,1.625211
108105,2020-10-16,1.624872
108105,2020-10-19,1.627284
108105,2020-10-20,1.626951
108105,2020-10-21,1.626101
108105,2020-10-22,1.625327
108105,2020-10-23,1.627107
108105,2020-10-26,1.629162
108105,2020-10-27,1.629532
108105,2020-10-28,1.635006
108105,2020-10-29,1.651394
108105,2020-10-30,1.63917
108105,2020-11-02,1.627744
108105,2020-11-03,1.62886
108105,2020-11-04,1.630081
108105,2020-11-05,1.6282
108105,2020-11-06,1.624545
108105,2020-11-09,1.612943
108105,2020-11-10,1.608579
108105,2020-11-11,1.608437
108105,2020-11-12,1.608183
108105,2020-11-13,1.603097
108105,2020-11-16,1.601711
108105,2020-11-17,1.595069
108105,2020-11-18,1.594735
108105,2020-11-19,1.589954
108105,2020-11-20,1.584989
108105,2020-11-23,1.587201
108105,2020-11-24,1.584062
108105,2020-11-25,1.577676
108105,2020-11-27,1.574826
108105,2020-11-30,1.589037
108105,2020-12-01,1.58956
108105,2020-12-02,1.58451
108105,2020-12-03,1.59265
108105,2020-12-04,1.589995
108105,2020-12-07,1.586108
108105,2020-12-08,1.578918
108105,2020-12-09,1.5415
108105,2020-12-10,1.533434
108105,2020-12-11,1.527848
108105,2020-12-14,1.495974
108105,2020-12-15,1.493418
108105,2020-12-16,1.489156
108105,2020-12-17,1.491481
108105,2020-12-18,1.48906
108105,2020-12-21,1.500402
108105,2020-12-22,1.516102
108105,2020-12-23,1.514043
108105,2020-12-24,1.527176
108105,2020-12-28,1.531684
108105,2020-12-29,1.541717
108105,2020-12-30,1.538839
108105,2020-12-31,1.543706
108105,2021-01-04,1.535109
108105,2021-01-05,1.53941
108105,2021-01-06,1.553419
108105,2021-01-07,1.550945
108105,2021-01-08,1.551764
108105,2021-01-11,1.563321
108105,2021-01-12,1.570515
108105,2021-01-13,1.567639
108105,2021-01-14,1.566672
108105,2021-01-15,1.569229
108105,2021-01-19,1.569275
108105,2021-01-20,1.567434
108105,2021-01-21,1.563121
108105,2021-01-22,1.557959
108105,2021-01-25,1.55993
108105,2021-01-26,1.561337
108105,2021-01-27,1.565214
108105,2021-01-28,1.571617
108105,2021-01-29,1.574074
108105,2021-02-01,1.583471
108105,2021-02-02,1.583307
108105,2021-02-03,1.609341
108105,2021-02-04,1.615365
108105,2021-02-05,1.627152
108105,2021-02-08,1.640847
108105,2021-02-09,1.641146
108105,2021-02-10,1.643351
108105,2021-02-11,1.645562
108105,2021-02-12,1.6452
108105,2021-02-16,1.646363
108105,2021-02-17,1.648046
108105,2021-02-18,1.648005
108105,2021-02-19,1.642848
108105,2021-02-22,1.642072
108105,2021-02-23,1.638893
108105,2021-02-24,1.638357
108105,2021-02-25,1.643402
108105,2021-02-26,1.656583
108105,2021-03-01,1.66867
108105,2021-03-02,1.667512
108105,2021-03-03,1.669747
108105,2021-03-04,1.676979
108105,2021-03-05,1.680577
108105,2021-03-08,1.680734
108105,2021-03-09,1.679067
108105,2021-03-10,1.67325
108105,2021-03-11,1.670553
108105,2021-03-12,1.668399
108105,2021-03-15,1.661307
108105,2021-03-16,1.658222
108105,2021-03-17,1.656882
108105,2021-03-18,1.6545
108105,2021-03-19,1.645636
108105,2021-03-22,1.647238
108105,2021-03-23,1.6456
108105,2021-03-24,1.637243
108105,2021-03-25,1.634022
108105,2021-03-26,1.640043
108105,2021-03-29,1.636042
108105,2021-03-30,1.639495
108105,2021-03-31,1.622471
108105,2021-04-01,1.624377
108105,2021-04-05,1.625773
108105,2021-04-06,1.630844
108105,2021-04-07,1.624677
108105,2021-04-08,1.622358
108105,2021-04-09,1.618476
108105,2021-04-12,1.610965
108105,2021-04-13,1.597343
108105,2021-04-14,1.589845
108105,2021-04-15,1.583358
108105,2021-04-16,1.575686
108105,2021-04-19,1.572006
108105,2021-04-20,1.566009
108105,2021-04-21,1.562092
108105,2021-04-22,1.557494
108105,2021-04-23,1.549569
108105,2021-04-26,1.546261
108105,2021-04-27,1.541581
108105,2021-04-28,1.537448
108105,2021-04-29,1.527899
108105,2021-04-30,1.523042
108105,2021-05-03,1.520551
108105,2021-05-04,1.519452
108105,2021-05-05,1.515087
108105,2021-05-06,1.51746
108105,2021-05-07,1.514301
108105,2021-05-10,1.513488
108105,2021-05-11,1.515096
108105,2021-05-12,1.514731
108105,2021-05-13,1.514236
108105,2021-05-14,1.508683
108105,2021-05-17,1.506836
108105,2021-05-18,1.509427
108105,2021-05-19,1.507613
108105,2021-05-20,1.507345
108105,2021-05-21,1.508504
108105,2021-05-24,1.506957
108105,2021-05-25,1.502547
108105,2021-05-26,1.501712
108105,2021-05-27,1.491555
108105,2021-05-28,1.477933
108105,2021-06-01,1.478005
108105,2021-06-02,1.470714
108105,2021-06-03,1.467305
108105,2021-06-04,1.462721
108105,2021-06-07,1.454602
108105,2021-06-08,1.451182
108105,2021-06-09,1.446137
108105,2021-06-10,1.444298
108105,2021-06-11,1.438897
108105,2021-06-14,1.434815
108105,2021-06-15,1.431628
108105,2021-06-16,1.429678
108105,2021-06-17,1.423714
108105,2021-06-18,1.419676
108105,2021-06-21,1.416759
108105,2021-06-22,1.41674
108105,2021-06-23,1.41202
108105,2021-06-24,1.410993
108105,2021-06-25,1.410825
108105,2021-06-28,1.409973
108105,2021-06-29,1.416347
108105,2021-06-30,1.407796
108105,2021-07-01,1.403987
108105,2021-07-02,1.404896
108105,2021-07-06,1.402914
108105,2021-07-07,1.403098
108105,2021-07-08,1.400906
108105,2021-07-09,1.401054
108105,2021-07-12,1.40016
108105,2021-07-13,1.398691
108105,2021-07-14,1.397674
108105,2021-07-15,1.396577
108105,2021-07-16,1.3967
108105,2021-07-19,1.396713
108105,2021-07-20,1.396629
108105,2021-07-21,1.39534
108105,2021-07-22,1.391002
108105,2021-07-23,1.390456
108105,2021-07-26,1.39017
108105,2021-07-27,1.388201
108105,2021-07-28,1.386632
108105,2021-07-29,1.387497
108105,2021-07-30,1.387228
108105,2021-08-02,1.388394
108105,2021-08-03,1.385646
108105,2021-08-04,1.386187
108105,2021-08-05,1.388262
108105,2021-08-06,1.387115
108105,2021-08-09,1.385927
108105,2021-08-10,1.386549
108105,2021-08-11,1.38165
108105,2021-08-12,1.378995
108105,2021-08-13,1.379305
108105,2021-08-16,1.378951
108105,2021-08-17,1.369382
108105,2021-08-18,1.374637
108105,2021-08-19,1.374479
108105,2021-08-20,1.370976
108105,2021-08-23,1.366059
108105,2021-08-24,1.363016
108105,2021-08-25,1.361184
108105,2021-08-26,1.356939
108105,2021-08-27,1.353971
108105,2021-08-30,1.351999
108105,2021-08-31,1.348006
108105,2021-09-01,1.346002
108105,2021-09-02,1.341045
108105,2021-09-03,1.33649
108105,2021-09-07,1.331502
108105,2021-09-08,1.327318
108105,2021-09-09,1.324039
108105,2021-09-10,1.323122
108105,2021-09-13,1.322645
108105,2021-09-14,1.32158
108105,2021-09-15,1.319509
108105,2021-09-16,1.315142
108105,2021-09-17,1.308567
108105,2021-09-20,1.309821
108105,2021-09-21,1.313025
108105,2021-09-22,1.311126
108105,2021-09-23,1.311069
108105,2021-09-24,1.309229
108105,2021-09-27,1.308681
108105,2021-09-28,1.309562
108105,2021-09-29,1.306304
108105,2021-09-30,1.306688
108105,2021-10-01,1.320326
108105,2021-10-04,1.31324
108105,2021-10-05,1.312718
108105,2021-10-06,1.312809
108105,2021-10-07,1.310173
108105,2021-10-08,1.309713
108105,2021-10-11,1.310445
108105,2021-10-12,1.310387
108105,2021-10-13,1.307229
108105,2021-10-14,1.306303
108105,2021-10-15,1.304585
108105,2021-10-18,1.304072
108105,2021-10-19,1.300972
108105,2021-10-20,1.299443
108105,2021-10-21,1.298928
108105,2021-10-22,1.296012
108105,2021-10-25,1.292144
108105,2021-10-26,1.290493
108105,2021-10-27,1.289214
108105,2021-10-28,1.287337
108105,2021-10-29,1.281959
108105,2021-11-01,1.278062
108105,2021-11-02,1.276919
108105,2021-11-03,1.273649
108105,2021-11-04,1.273872
108105,2021-11-05,1.272198
108105,2021-11-08,1.266478
108105,2021-11-09,1.265754
108105,2021-11-10,1.260617
108105,2021-11-11,1.258601
108105,2021-11-12,1.256625
108105,2021-11-15,1.257161
108105,2021-11-16,1.255552
108105,2021-11-17,1.248305
108105,2021-11-18,1.246877
108105,2021-11-19,1.24193
108105,2021-11-22,1.228821
108105,2021-11-23,1.225677
108105,2021-11-24,1.219309
108105,2021-11-26,1.215244
108105,2021-11-29,1.214324
108105,2021-11-30,1.217107
108105,2021-12-01,1.223239
108105,2021-12-02,1.226611
108105,2021-12-03,1.230819
108105,2021-12-06,1.232438
108105,2021-12-07,1.233705
108105,2021-12-08,1.235133
108105,2021-12-09,1.234663
108105,2021-12-10,1.235774
108105,2021-12-13,1.237759
108105,2021-12-14,1.239459
108105,2021-12-15,1.241662
108105,2021-12-16,1.240309
108105,2021-12-17,1.238962
108105,2021-12-20,1.241229
108105,2021-12-21,1.238819
108105,2021-12-22,1.243591
108105,2021-12-23,1.24297
108105,2021-12-27,1.245086
108105,2021-12-28,1.248356
108105,2021-12-29,1.252619
108105,2021-12-30,1.246516
108105,2021-12-31,1.243227
108105,2022-01-03,1.239253
108105,2022-01-04,1.238551
108105,2022-01-05,1.24223
108105,2022-01-06,1.244943
108105,2022-01-07,1.244453
108105,2022-01-10,1.243669
108105,2022-01-11,1.244755
108105,2022-01-12,1.248337
108105,2022-01-13,1.248345
108105,2022-01-14,1.247236
108105,2022-01-18,1.246521
108105,2022-01-19,1.246892
108105,2022-01-20,1.240909
108105,2022-01-21,1.245005
108105,2022-01-24,1.247757
108105,2022-01-25,1.247571
108105,2022-01-26,1.260017
108105,2022-01-27,1.259347
108105,2022-01-28,1.247138
108105,2022-01-31,1.2423
108105,2022-02-01,1.238316
108105,2022-02-02,1.237936
108105,2022-02-03,1.233865
108105,2022-02-04,1.226306
108105,2022-02-07,1.218099
108105,2022-02-08,1.213475
108105,2022-02-09,1.211742
108105,2022-02-10,1.18031
108105,2022-02-11,1.177764
108105,2022-02-14,1.175201
108105,2022-02-15,1.167151
108105,2022-02-16,1.165779
108105,2022-02-17,1.164746
108105,2022-02-18,1.163003
108105,2022-02-22,1.156187
108105,2022-02-23,1.160432
108105,2022-02-24,1.150723
108105,2022-02-25,1.15012
108105,2022-02-28,1.147556
108105,2022-03-01,1.145221
108105,2022-03-02,1.138591
108105,2022-03-03,1.133986
108105,2022-03-04,1.130769
108105,2022-03-07,1.132793
108105,2022-03-08,1.129837
108105,2022-03-09,1.12414
108105,2022-03-10,1.129386
108105,2022-03-11,1.131552
108105,2022-03-14,1.125827
108105,2022-03-15,1.123545
108105,2022-03-16,1.111654
108105,2022-03-17,1.105455
108105,2022-03-18,1.10013
108105,2022-03-21,1.090115
108105,2022-03-22,1.074373
108105,2022-03-23,1.062383
108105,2022-03-24,1.052616
108105,2022-03-25,1.040989
108105,2022-03-28,1.022512
108105,2022-03-29,0.99681
108105,2022-03-30,0.97962
108105,2022-03-31,0.957443
108105,2022-04-01,0.937113
108105,2022-04-04,0.91205
108105,2022-04-05,0.898451
108105,2022-04-06,0.876314
108105,2022-04-07,0.851998
108105,2022-04-08,0.83955
108105,2022-04-11,0.817602
108105,2022-04-12,0.792821
108105,2022-04-13,0.788011
108105,2022-04-14,0.766022
108105,2022-04-18,0.757898
108105,2022-04-19,0.747696
108105,2022-04-20,0.73608
108105,2022-04-21,0.705374
108105,2022-04-22,0.675938
108105,2022-04-25,0.675177
108105,2022-04-26,0.649635
108105,2022-04-27,0.652531
108105,2022-04-28,0.661165
108105,2022-04-29,0.678091
108105,2022-05-02,0.688142
108105,2022-05-03,0.677395
108105,2022-05-04,0.672475
108105,2022-05-05,0.682477
108105,2022-05-06,0.683755
108105,2022-05-09,0.689676
108105,2022-05-10,0.678077
108105,2022-05-11,0.703212
108105,2022-05-12,0.701872
108105,2022-05-13,0.709872
108105,2022-05-16,0.721299
108105,2022-05-17,0.726165
108105,2022-05-18,0.698578
108105,2022-05-19,0.692286
108105,2022-05-20,0.716354
108105,2022-05-23,0.728433
108105,2022-05-24,0.754371
108105,2022-05-25,0.775628
108105,2022-05-26,0.798812
108105,2022-05-27,0.802947
108105,2022-05-31,0.813231
108105,2022-06-01,0.83984
108105,2022-06-02,0.844633
108105,2022-06-03,0.852157
108105,2022-06-06,0.859604
108105,2022-06-07,0.878317
108105,2022-06-08,0.890859
108105,2022-06-09,0.902559
108105,2022-06-10,0.980025
108105,2022-06-13,0.939837
108105,2022-06-14,0.950581
108105,2022-06-15,0.988243
108105,2022-06-16,1.017363
108105,2022-06-17,1.037612
108105,2022-06-21,1.062782
108105,2022-06-22,1.165376
108105,2022-06-23,1.181193
108105,2022-06-24,1.182955
108105,2022-06-27,1.176672
108105,2022-06-28,1.182177
108105,2022-06-29,1.179483
108105,2022-06-30,1.190225
108105,2022-07-01,1.191645
108105,2022-07-05,1.176837
108105,2022-07-06,1.182343
108105,2022-07-07,1.180389
108105,2022-07-08,1.173471
108105,2022-07-11,1.173738
108105,2022-07-12,1.176235
108105,2022-07-13,1.235957
108105,2022-07-14,1.239917
108105,2022-07-15,1.241943
108105,2022-07-18,1.233178
108105,2022-07-19,1.216215
108105,2022-07-20,1.199376
108105,2022-07-21,1.18224
108105,2022-07-22,1.176911
108105,2022-07-25,1.16587
108105,2022-07-26,1.163176
108105,2022-07-27,1.147341
108105,2022-07-28,1.12555
108105,2022-07-29,1.111713
108105,2022-08-01,1.096544
108105,2022-08-02,1.082582
108105,2022-08-03,1.049933
108105,2022-08-04,1.026971
108105,2022-08-05,1.01487
108105,2022-08-08,1.002924
108105,2022-08-09,0.995283
108105,2022-08-10,0.995204
108105,2022-08-11,0.991151
108105,2022-08-12,0.981161
108105,2022-08-15,0.968454
108105,2022-08-16,0.944312
108105,2022-08-17,0.935229
108105,2022-08-18,0.928421
108105,2022-08-19,0.922725
108105,2022-08-22,0.921621
108105,2022-08-23,0.923559
108105,2022-08-24,0.918814
108105,2022-08-25,0.913148
108105,2022-08-26,0.898804
108105,2022-08-29,0.899211
108105,2022-08-30,0.896201
108105,2022-08-31,0.904168
108105,2022-09-01,0.90213
108105,2022-09-02,0.903331
108105,2022-09-06,0.893538
108105,2022-09-07,0.894507
108105,2022-09-08,0.901678
108105,2022-09-09,0.901562
108105,2022-09-12,0.916426
108105,2022-09-13,0.931522
108105,2022-09-14,0.947438
108105,2022-09-15,0.982106
108105,2022-09-16,1.023583
108105,2022-09-19,1.037446
108105,2022-09-20,1.063845
108105,2022-09-21,1.082977
108105,2022-09-22,1.120193
108105,2022-09-23,1.137772
108105,2022-09-26,1.172901
108105,2022-09-27,1.203136
108105,2022-09-28,1.230212
108105,2022-09-29,1.286272
108105,2022-09-30,1.311498
108105,2022-10-03,1.325236
108105,2022-10-04,1.348133
108105,2022-10-05,1.368764
108105,2022-10-06,1.387641
108105,2022-10-07,1.423989
108105,2022-10-10,1.458499
108105,2022-10-11,1.490028
108105,2022-10-12,1.515313
108105,2022-10-13,1.540304
108105,2022-10-14,1.574033
108105,2022-10-17,1.598797
108105,2022-10-18,1.609505
108105,2022-10-19,1.628488
108105,2022-10-20,1.647814
108105,2022-10-21,1.660348
108105,2022-10-24,1.665055
108105,2022-10-25,1.670702
108105,2022-10-26,1.669852
108105,2022-10-27,1.66392
108105,2022-10-28,1.65094
108105,2022-10-31,1.639899
108105,2022-11-01,1.633136
108105,2022-11-02,1.633717
108105,2022-11-03,1.622372
108105,2022-11-04,1.613181
108105,2022-11-07,1.607451
108105,2022-11-08,1.594022
108105,2022-11-09,1.579901
108105,2022-11-10,1.55672
108105,2022-11-11,1.523372
108105,2022-11-14,1.492637
108105,2022-11-15,1.470163
108105,2022-11-16,1.44163
108105,2022-11-17,1.408461
108105,2022-11-18,1.381674
108105,2022-11-21,1.358254
108105,2022-11-22,1.335689
108105,2022-11-23,1.316197
108105,2022-11-25,1.276136
108105,2022-11-28,1.267954
108105,2022-11-29,1.256588
108105,2022-11-30,1.232009
108105,2022-12-01,1.215112
108105,2022-12-02,1.204676
108105,2022-12-05,1.201177
108105,2022-12-06,1.196945
108105,2022-12-07,1.189713
108105,2022-12-08,1.182106
108105,2022-12-09,1.175723
108105,2022-12-12,1.162767
108105,2022-12-13,1.158228
108105,2022-12-14,1.149365
108105,2022-12-15,1.146362
108105,2022-12-16,1.142482
108105,2022-12-19,1.140686
108105,2022-12-20,1.148125
108105,2022-12-21,1.152275
108105,2022-12-22,1.159892
108105,2022-12-23,1.177535
108105,2022-12-27,1.196779
108105,2022-12-28,1.200851
108105,2022-12-29,1.210413
108105,2022-12-30,1.224677
108105,2023-01-03,1.242905
108105,2023-01-04,1.25371
108105,2023-01-05,1.263343
108105,2023-01-06,1.270899
108105,2023-01-09,1.281463
108105,2023-01-10,1.295592
108105,2023-01-11,1.306739
108105,2023-01-12,1.311515
108105,2023-01-13,1.323577
108105,2023-01-17,1.342196
108105,2023-01-18,1.347246
108105,2023-01-19,1.353926
108105,2023-01-20,1.360437
108105,2023-01-23,1.366371
108105,2023-01-24,1.370176
108105,2023-01-25,1.377362
108105,2023-01-26,1.384684
108105,2023-01-27,1.384796
108105,2023-01-30,1.385136
108105,2023-01-31,1.385661
108105,2023-02-01,1.384606
108105,2023-02-02,1.391523
108105,2023-02-03,1.396018
108105,2023-02-06,1.392839
108105,2023-02-07,1.388587
108105,2023-02-08,1.38737
108105,2023-02-09,1.384191
108105,2023-02-10,1.381583
108105,2023-02-13,1.378223
108105,2023-02-14,1.372746
108105,2023-02-15,1.369128
108105,2023-02-16,1.363211
108105,2023-02-17,1.359672
108105,2023-02-21,1.357105
108105,2023-02-22,1.354452
108105,2023-02-23,1.353046
108105,2023-02-24,1.350174
108105,2023-02-27,1.347844
108105,2023-02-28,1.350122
108105,2023-03-01,1.348563
108105,2023-03-02,1.348056
108105,2023-03-03,1.345012
108105,2023-03-06,1.34207
108105,2023-03-07,1.34261
108105,2023-03-08,1.341672
108105,2023-03-09,1.33998
108105,2023-03-10,1.34179
108105,2023-03-13,1.340019
108105,2023-03-14,1.34465
108105,2023-03-15,1.344941
108105,2023-03-16,1.34503
108105,2023-03-17,1.345288
108105,2023-03-20,1.344745
108105,2023-03-21,1.346018
108105,2023-03-22,1.351269
108105,2023-03-23,1.353228
108105,2023-03-24,1.35585
108105,2023-03-27,1.358858
108105,2023-03-28,1.360069
108105,2023-03-29,1.36106
108105,2023-03-30,1.364044
108105,2023-03-31,1.367233
108105,2023-04-03,1.368319
108105,2023-04-04,1.368144
108105,2023-04-05,1.373295
108105,2023-04-06,1.375944
108105,2023-04-10,1.378419
108105,2023-04-11,1.379745
108105,2023-04-12,1.38346
108105,2023-04-13,1.384728
108105,2023-04-14,1.385179
108105,2023-04-17,1.386145
108105,2023-04-18,1.385446
108105,2023-04-19,1.387052
108105,2023-04-20,1.389415
108105,2023-04-21,1.390234
108105,2023-04-24,1.39264
108105,2023-04-25,1.393639
108105,2023-04-26,1.396401
108105,2023-04-27,1.39851
108105,2023-04-28,1.401924
108105,2023-05-01,1.404073
108105,2023-05-02,1.406959
108105,2023-05-03,1.409924
108105,2023-05-04,1.406327
108105,2023-05-05,1.403182
108105,2023-05-08,1.40756
108105,2023-05-09,1.413822
108105,2023-05-10,1.417891
108105,2023-05-11,1.42246
108105,2023-05-12,1.425211
108105,2023-05-15,1.427778
108105,2023-05-16,1.432362
108105,2023-05-17,1.434803
108105,2023-05-18,1.433685
108105,2023-05-19,1.432211
108105,2023-05-22,1.429733
108105,2023-05-23,1.432317
108105,2023-05-24,1.435721
108105,2023-05-25,1.436697
108105,2023-05-26,1.43535
108105,2023-05-30,1.433834
108105,2023-05-31,1.432232
108105,2023-06-01,1.431613
108105,2023-06-02,1.424612
108105,2023-06-05,1.42031
108105,2023-06-06,1.412365
108105,2023-06-07,1.4067
108105,2023-06-08,1.397795
108105,2023-06-09,1.38525
108105,2023-06-12,1.383345
108105,2023-06-13,1.375932
108105,2023-06-14,1.377507
108105,2023-06-15,1.370758
108105,2023-06-16,1.366053
108105,2023-06-20,1.359293
108105,2023-06-21,1.342974
108105,2023-06-22,1.338556
108105,2023-06-23,1.334063
108105,2023-06-26,1.330113
108105,2023-06-27,1.32476
108105,2023-06-28,1.32256
108105,2023-06-29,1.314386
108105,2023-06-30,1.300265
108105,2023-07-03,1.288279
108105,2023-07-05,1.280101
108105,2023-07-06,1.273132
108105,2023-07-07,1.268514
108105,2023-07-10,1.265182
108105,2023-07-11,1.257552
108105,2023-07-12,1.246336
108105,2023-07-13,1.237662
108105,2023-07-14,1.232727
108105,2023-07-17,1.227125
108105,2023-07-18,1.215133
108105,2023-07-19,1.206089
108105,2023-07-20,1.199419
108105,2023-07-21,1.188627
108105,2023-07-24,1.183131
108105,2023-07-25,1.176226
108105,2023-07-26,1.173323
108105,2023-07-27,1.169364
108105,2023-07-28,1.162943
108105,2023-07-31,1.155788
108105,2023-08-01,1.151739
108105,2023-08-02,1.15271
108105,2023-08-03,1.156575
108105,2023-08-04,1.16675
108105,2023-08-07,1.169852
108105,2023-08-08,1.172976
108105,2023-08-09,1.173736
108105,2023-08-10,1.179062
108105,2023-08-11,1.183948
108105,2023-08-14,1.187965
108105,2023-08-15,1.190618
108105,2023-08-16,1.194038
108105,2023-08-17,1.196552
108105,2023-08-18,1.197513
108105,2023-08-21,1.201301
108105,2023-08-22,1.205162
108105,2023-08-23,1.207831
108105,2023-08-24,1.212592
108105,2023-08-25,1.215052
108105,2023-08-28,1.217244
108105,2023-08-29,1.218349
108105,2023-08-30,1.212437
108105,2023-08-31,1.216691
108105,2023-09-01,1.218453
108105,2023-09-05,1.218003
108105,2023-09-06,1.216755
108105,2023-09-07,1.218923
108105,2023-09-08,1.218928
108105,2023-09-11,1.220988
108105,2023-09-12,1.22155
108105,2023-09-13,1.223683
108105,2023-09-14,1.224404
108105,2023-09-15,1.226164
108105,2023-09-18,1.227584
108105,2023-09-19,1.227999
108105,2023-09-20,1.227963
108105,2023-09-21,1.22609
108105,2023-09-22,1.227581
108105,2023-09-25,1.227778
108105,2023-09-26,1.23042
108105,2023-09-27,1.230918
108105,2023-09-28,1.232943
108105,2023-09-29,1.234419
108105,2023-10-02,1.235402
108105,2023-10-03,1.233917
108105,2023-10-04,1.238419
108105,2023-10-05,1.240224
108105,2023-10-06,1.240919
108105,2023-10-09,1.243158
108105,2023-10-10,1.244471
108105,2023-10-11,1.249017
108105,2023-10-12,1.249914
108105,2023-10-13,1.248788
108105,2023-10-16,1.249987
108105,2023-10-17,1.253014
108105,2023-10-18,1.255541
108105,2023-10-19,1.258492
108105,2023-10-20,1.261779
108105,2023-10-23,1.259204
108105,2023-10-24,1.264502
108105,2023-10-25,1.262406
108105,2023-10-26,1.264243
108105,2023-10-27,1.258528
108105,2023-10-30,1.258678
108105,2023-10-31,1.26349
108105,2023-11-01,1.266873
108105,2023-11-02,1.270952
108105,2023-11-03,1.272793
108105,2023-11-06,1.276731
108105,2023-11-07,1.280292
108105,2023-11-08,1.283813
108105,2023-11-09,1.284509
108105,2023-11-10,1.28574
108105,2023-11-13,1.286974
108105,2023-11-14,1.289369
108105,2023-11-15,1.293004
108105,2023-11-16,1.297538
108105,2023-11-17,1.298767
108105,2023-11-20,1.300311
108105,2023-11-21,1.3031
108105,2023-11-22,1.304293
108105,2023-11-24,1.31088
108105,2023-11-27,1.313889
108105,2023-11-28,1.318479
108105,2023-11-29,1.323554
108105,2023-11-30,1.330694
108105,2023-12-01,1.337097
108105,2023-12-04,1.337965
108105,2023-12-05,1.344522
108105,2023-12-06,1.349306
108105,2023-12-07,1.353232
108105,2023-12-08,1.353925
108105,2023-12-11,1.356457
108105,2023-12-12,1.362071
108105,2023-12-13,1.369847
108105,2023-12-14,1.377911
108105,2023-12-15,1.380026
108105,2023-12-18,1.380829
108105,2023-12-19,1.38643
108105,2023-12-20,1.388918
108105,2023-12-21,1.394657
108105,2023-12-22,1.395483
108105,2023-12-26,1.393113
108105,2023-12-27,1.397255
108105,2023-12-28,1.398264
108105,2023-12-29,1.400462
108105,2024-01-02,1.402725
108105,2024-01-03,1.399297
108105,2024-01-04,1.397462
108105,2024-01-05,1.398287
108105,2024-01-08,1.398762
108105,2024-01-09,1.399154
108105,2024-01-10,1.400228
108105,2024-01-11,1.401791
108105,2024-01-12,1.404525
108105,2024-01-16,1.408388
108105,2024-01-17,1.408084
108105,2024-01-18,1.40851
108105,2024-01-19,1.40726
108105,2024-01-22,1.406859
108105,2024-01-23,1.402167
108105,2024-01-24,1.399258
108105,2024-01-25,1.399223
108105,2024-01-26,1.405774
108105,2024-01-29,1.406344
108105,2024-01-30,1.405378
108105,2024-01-31,1.407125
108105,2024-02-01,1.415667
108105,2024-02-02,1.415245
108105,2024-02-05,1.413136
108105,2024-02-06,1.414235
108105,2024-02-07,1.414389
108105,2024-02-08,1.42104
108105,2024-02-09,1.422343
108105,2024-02-12,1.427128
108105,2024-02-13,1.429179
108105,2024-02-14,1.427126
108105,2024-02-15,1.425933
108105,2024-02-16,1.42082
108105,2024-02-20,1.419291
108105,2024-02-21,1.417617
108105,2024-02-22,1.410509
108105,2024-02-23,1.402829
108105,2024-02-26,1.393611
108105,2024-02-27,1.383916
108105,2024-02-28,1.379152
108105,2024-02-29,1.368714
108105,2024-03-01,1.362584
108105,2024-03-04,1.353852
108105,2024-03-05,1.347955
108105,2024-03-06,1.34441
108105,2024-03-07,1.339634
108105,2024-03-08,1.331475
108105,2024-03-11,1.323981
108105,2024-03-12,1.316738
108105,2024-03-13,1.307814
108105,2024-03-14,1.302516
108105,2024-03-15,1.293049
108105,2024-03-18,1.285005
108105,2024-03-19,1.277416
108105,2024-03-20,1.269351
108105,2024-03-21,1.258746
108105,2024-03-22,1.250252
108105,2024-03-25,1.245859
108105,2024-03-26,1.236302
108105,2024-03-27,1.229332
108105,2024-03-28,1.218167
108105,2024-04-01,1.211171
108105,2024-04-02,1.204921
108105,2024-04-03,1.201458
108105,2024-04-04,1.197056
108105,2024-04-05,1.191371
108105,2024-04-08,1.187491
108105,2024-04-09,1.185711
108105,2024-04-10,1.182436
108105,2024-04-11,1.178274
108105,2024-04-12,1.177255
108105,2024-04-15,1.175418
108105,2024-04-16,1.172889
108105,2024-04-17,1.165904
108105,2024-04-18,1.158649
108105,2024-04-19,1.157828
108105,2024-04-22,1.152747
108105,2024-04-23,1.15033
108105,2024-04-24,1.152045
108105,2024-04-25,1.151524
108105,2024-04-26,1.153184
108105,2024-04-29,1.152099
108105,2024-04-30,1.152637
108105,2024-05-01,1.148687
108105,2024-05-02,1.143396
108105,2024-05-03,1.14208
108105,2024-05-06,1.140713
108105,2024-05-07,1.141335
108105,2024-05-08,1.14101
108105,2024-05-09,1.141836
108105,2024-05-10,1.140393
108105,2024-05-13,1.138646
108105,2024-05-14,1.136632
108105,2024-05-15,1.134526
108105,2024-05-16,1.129172
108105,2024-05-17,1.1288
108105,2024-05-20,1.127075
108105,2024-05-21,1.124185
108105,2024-05-22,1.123132
108105,2024-05-23,1.121599
108105,2024-05-24,1.117193
108105,2024-05-28,1.115308
108105,2024-05-29,1.112433
108105,2024-05-30,1.109135
108105,2024-05-31,1.105472
108105,2024-06-03,1.104236
108105,2024-06-04,1.101291
108105,2024-06-05,1.09858
108105,2024-06-06,1.095015
108105,2024-06-07,1.092098
108105,2024-06-10,1.089155
108105,2024-06-11,1.086625
108105,2024-06-12,1.08189
108105,2024-06-13,1.077504
108105,2024-06-14,1.078511
108105,2024-06-17,1.075562
108105,2024-06-18,1.069603
108105,2024-06-20,1.061515
108105,2024-06-21,1.055574
108105,2024-06-24,1.050298
108105,2024-06-25,1.047064
108105,2024-06-26,1.040765
108105,2024-06-27,1.041248
108105,2024-06-28,1.037529
108105,2024-07-01,1.034206
108105,2024-07-02,1.031848
108105,2024-07-03,1.02892
108105,2024-07-05,1.024371
108105,2024-07-08,1.022715
108105,2024-07-09,1.019002
108105,2024-07-10,1.015445
108105,2024-07-11,1.010927
108105,2024-07-12,1.009602
108105,2024-07-15,1.008017
108105,2024-07-16,1.005005
108105,2024-07-17,0.999958
108105,2024-07-18,0.999356
108105,2024-07-19,0.997587
108105,2024-07-22,1.00074
108105,2024-07-23,1.000548
108105,2024-07-24,0.99729
108105,2024-07-25,0.997247
108105,2024-07-26,0.99554
108105,2024-07-29,0.994366
108105,2024-07-30,0.991384
108105,2024-07-31,0.992257
108105,2024-08-01,0.999876
108105,2024-08-02,0.998411
108105,2024-08-05,0.993183
108105,2024-08-06,0.987112
108105,2024-08-07,0.982722
108105,2024-08-08,0.973115
108105,2024-08-09,0.971638
108105,2024-08-12,0.967473
108105,2024-08-13,0.965363
108105,2024-08-14,0.964835
108105,2024-08-15,0.964744
108105,2024-08-16,0.965468
108105,2024-08-19,0.966776
108105,2024-08-20,0.965668
108105,2024-08-21,0.967805
108105,2024-08-22,0.967771
108105,2024-08-23,0.969651
108105,2024-08-26,0.971649
108105,2024-08-27,0.972741
108105,2024-08-28,0.973187
108105,2024-08-29,0.979783
108105,2024-08-30,0.982628
108105,2024-09-03,0.988782
108105,2024-09-04,0.990816
108105,2024-09-05,0.988277
108105,2024-09-06,0.992475
108105,2024-09-09,0.993821
108105,2024-09-10,0.995351
108105,2024-09-11,0.996106
108105,2024-09-12,0.996122
108105,2024-09-13,0.995281
108105,2024-09-16,0.996718
108105,2024-09-17,0.998982
108105,2024-09-18,0.999133
108105,2024-09-19,1.003332
108105,2024-09-20,1.00709
108105,2024-09-23,1.010038
108105,2024-09-24,1.01263
108105,2024-09-25,1.015145
108105,2024-09-26,1.01661
108105,2024-09-27,1.016989
108105,2024-09-30,1.018283
108105,2024-10-01,1.016791
108105,2024-10-02,1.018416
108105,2024-10-03,1.018628
108105,2024-10-04,1.019589
108105,2024-10-07,1.02096
108105,2024-10-08,1.021363
108105,2024-10-09,1.023473
108105,2024-10-10,1.02493
108105,2024-10-11,1.025017
108105,2024-10-14,1.024473
108105,2024-10-15,1.027844
108105,2024-10-16,1.027673
108105,2024-10-17,1.027474
108105,2024-10-18,1.026729
108105,2024-10-21,1.027916
108105,2024-10-22,1.027878
108105,2024-10-23,1.025827
108105,2024-10-24,1.021563
108105,2024-10-25,1.019798
108105,2024-10-28,1.019355
108105,2024-10-29,1.015517
108105,2024-10-30,1.013084
108105,2024-10-31,1.010385
108105,2024-11-01,1.007494
108105,2024-11-04,1.00409
108105,2024-11-05,1.001158
108105,2024-11-06,1.002574
108105,2024-11-07,1.002808
108105,2024-11-08,0.993691
108105,2024-11-11,0.995985
108105,2024-11-12,0.991766
108105,2024-11-13,0.98339
108105,2024-11-14,0.974901
108105,2024-11-15,0.969034
108105,2024-11-18,0.964792
108105,2024-11-19,0.962797
108105,2024-11-20,0.958864
108105,2024-11-21,0.955234
108105,2024-11-22,0.94828
108105,2024-11-25,0.942354
108105,2024-11-26,0.935934
108105,2024-11-27,0.928535
108105,2024-11-29,0.917398
108105,2024-12-02,0.912704
108105,2024-12-03,0.907977
108105,2024-12-04,0.899649
108105,2024-12-05,0.898437
108105,2024-12-06,0.895408
108105,2024-12-09,0.890839
108105,2024-12-10,0.888
108105,2024-12-11,0.884525
108105,2024-12-12,0.883129
108105,2024-12-13,0.882372
108105,2024-12-16,0.878468
108105,2024-12-17,0.874278
108105,2024-12-18,0.871261
108105,2024-12-19,0.86893
108105,2024-12-20,0.868266
108105,2024-12-23,0.866567
108105,2024-12-24,0.868228
108105,2024-12-26,0.865731
108105,2024-12-27,0.866845
108105,2024-12-30,0.866845
108105,2024-12-31,0.867349
108105,2025-01-02,0.862749
108105,2025-01-03,0.86256
108105,2025-01-06,0.865084
108105,2025-01-07,0.863278
108105,2025-01-08,0.859648
108105,2025-01-10,0.858828
108105,2025-01-13,0.857336
108105,2025-01-14,0.852185
108105,2025-01-15,0.853639
108105,2025-01-16,0.852378
108105,2025-01-17,0.849503
108105,2025-01-21,0.847527
108105,2025-01-22,0.84646
108105,2025-01-23,0.847777
108105,2025-01-24,0.847552
108105,2025-01-27,0.844474
108105,2025-01-28,0.843495
108105,2025-01-29,0.841484
108105,2025-01-30,0.838535
108105,2025-01-31,0.83925
108105,2025-02-03,0.848013
108105,2025-02-04,0.847848
108105,2025-02-05,0.849371
108105,2025-02-06,0.850128
108105,2025-02-07,0.8503
108105,2025-02-10,0.850889
108105,2025-02-11,0.851453
108105,2025-02-12,0.853495
108105,2025-02-13,0.857149
108105,2025-02-14,0.857443
108105,2025-02-18,0.855598
108105,2025-02-19,0.856795
108105,2025-02-20,0.857337
108105,2025-02-21,0.859388
108105,2025-02-24,0.861248
108105,2025-02-25,0.865201
108105,2025-02-26,0.86558
108105,2025-02-27,0.867476
108105,2025-02-28,0.872787
108105,2025-03-03,0.874013
108105,2025-03-04,0.87433
108105,2025-03-05,0.877341
108105,2025-03-06,0.879366
108105,2025-03-07,0.882408
108105,2025-03-10,0.882615
108105,2025-03-11,0.886689
108105,2025-03-12,0.888011
108105,2025-03-13,0.884407
108105,2025-03-14,0.888808
108105,2025-03-17,0.893861
108105,2025-03-18,0.899289
108105,2025-03-19,0.895822
108105,2025-03-20,0.893351
108105,2025-03-21,0.894873
108105,2025-03-24,0.897681
108105,2025-03-25,0.897452
108105,2025-03-26,0.898016
108105,2025-03-27,0.900364
108105,2025-03-28,0.894687
108105,2025-03-31,0.897974
108105,2025-04-01,0.896741
108105,2025-04-02,0.899243
108105,2025-04-03,0.893562
108105,2025-04-04,0.877147
108105,2025-04-07,0.858644
108105,2025-04-08,0.83033
108105,2025-04-09,0.826096
108105,2025-04-10,0.820495
108105,2025-04-11,0.808629
108105,2025-04-14,0.804042
108105,2025-04-15,0.802055
108105,2025-04-16,0.800663
108105,2025-04-17,0.796212
108105,2025-04-21,0.797845
108105,2025-04-22,0.801284
108105,2025-04-23,0.81108
108105,2025-04-24,0.814179
108105,2025-04-25,0.81809
108105,2025-04-28,0.821876
108105,2025-04-29,0.825602
108105,2025-04-30,0.831677
108105,2025-05-01,0.835789
108105,2025-05-02,0.841988
108105,2025-05-05,0.851149
108105,2025-05-06,0.860404
108105,2025-05-07,0.866021
108105,2025-05-08,0.871128
108105,2025-05-09,0.877914
108105,2025-05-12,0.883977
108105,2025-05-13,0.887608
108105,2025-05-14,0.891737
108105,2025-05-15,0.89997
108105,2025-05-16,0.906535
108105,2025-05-19,0.904962
108105,2025-05-20,0.905976
108105,2025-05-21,0.90922
108105,2025-05-22,0.919151
108105,2025-05-23,0.924576
108105,2025-05-27,0.941033
108105,2025-05-28,0.942033
108105,2025-05-29,0.947363
108105,2025-05-30,0.94914
108105,2025-06-02,0.949864
108105,2025-06-03,0.947108
108105,2025-06-04,0.947118
108105,2025-06-05,0.946209
108105,2025-06-06,0.94375
108105,2025-06-09,0.939204
108105,2025-06-10,0.937644
108105,2025-06-11,0.936578
108105,2025-06-12,0.937948
108105,2025-06-13,0.93899
108105,2025-06-16,0.940823
108105,2025-06-17,0.938183
108105,2025-06-18,0.936605
108105,2025-06-20,0.933839
108105,2025-06-23,0.932533
108105,2025-06-24,0.92727
108105,2025-06-25,0.925322
108105,2025-06-26,0.92033
108105,2025-06-27,0.916735
108105,2025-06-30,0.909569
108105,2025-07-01,0.904021
108105,2025-07-02,0.902599
108105,2025-07-03,0.898657
108105,2025-07-07,0.909687
108105,2025-07-08,0.922516
108105,2025-07-09,0.922261
108105,2025-07-10,0.924025
108105,2025-07-11,0.930035
108105,2025-07-14,0.929431
108105,2025-07-15,0.926224
108105,2025-07-16,0.923623
108105,2025-07-17,0.923887
108105,2025-07-18,0.922565
108105,2025-07-21,0.914664
108105,2025-07-22,0.915042
108105,2025-07-23,0.907841
108105,2025-07-24,0.904486
108105,2025-07-25,0.904427
108105,2025-07-28,0.89689
108105,2025-07-29,0.895664
108105,2025-07-30,0.904432
108105,2025-07-31,0.905179
108105,2025-08-01,0.90798
108105,2025-08-04,0.910043
108105,2025-08-05,0.905733
108105,2025-08-06,0.907964
108105,2025-08-07,0.909513
108105,2025-08-08,0.913534
108105,2025-08-11,0.914927
108105,2025-08-12,0.915076
108105,2025-08-13,0.916869
108105,2025-08-14,0.916871
108105,2025-08-15,0.917734
108105,2025-08-18,0.917999
108105,2025-08-19,0.918767
108105,2025-08-20,0.915669
108105,2025-08-21,0.914747
108105,2025-08-22,0.912947
108105,2025-08-25,0.91139
108105,2025-08-26,0.911794
108105,2025-08-27,0.911194
108105,2025-08-28,0.908439
108105,2025-08-29,0.908643
