secid,date,low,high,open,close,volume,return,cfadj,cfret
108105,2020-08-31,3493.25,3514.77,3509.73,3500.31,0,-0.002195,1,1
108105,2020-09-01,3494.6,3528.03,3507.44,3526.65,0,0.007525,1,1
108105,2020-09-02,3535.23,3588.11,3543.76,3580.84,0,0.015366,1,1
108105,2020-09-03,3427.41,3564.85,3564.74,3455.06,0,-0.035126,1,1
108105,2020-09-04,3349.63,3479.15,3453.6,3426.96,0,-0.008133,1,1
108105,2020-09-08,3329.27,3379.97,3371.88,3331.84,0,-0.027756,1,1
108105,2020-09-09,3366.84,3424.77,3369.82,3398.96,0,0.020145,1,1
108105,2020-09-10,3329.25,3425.55,3412.56,3339.19,0,-0.017585,1,1
108105,2020-09-11,3310.47,3368.95,3352.7,3340.97,0,0.000533,1,1
108105,2020-09-14,3363.56,3402.93,3363.56,3383.54,0,0.012742,1,1
108105,2020-09-15,3389.25,3419.48,3407.73,3401.2,0,0.005219,1,1
108105,2020-09-16,3384.45,3428.92,3411.23,3385.49,0,-0.004619,1,1
108105,2020-09-17,3328.82,3375.17,3346.86,3357.01,0,-0.008412,1,1
108105,2020-09-18,3292.4,3362.27,3357.38,3319.47,0,-0.011183,1,1
108105,2020-09-21,3229.1,3285.57,3285.57,3281.06,0,-0.011571,1,1
108105,2020-09-22,3270.95,3320.31,3295.75,3315.57,0,0.010518,1,1
108105,2020-09-23,3232.57,3323.35,3320.11,3236.92,0,-0.023721,1,1
108105,2020-09-24,3209.45,3278.7,3226.14,3246.59,0,0.002987,1,1
108105,2020-09-25,3228.44,3306.88,3236.66,3298.46,0,0.015977,1,1
108105,2020-09-28,3332.91,3360.74,3333.9,3351.6,0,0.016111,1,1
108105,2020-09-29,3327.54,3357.92,3350.92,3335.47,0,-0.004813,1,1
108105,2020-09-30,3340.47,3393.56,3341.21,3363,0,0.008254,1,1
108105,2020-10-01,3361.39,3397.18,3385.87,3380.8,0,0.005293,1,1
108105,2020-10-02,3323.69,3369.1,3338.94,3348.44,0,-0.009572,1,1
108105,2020-10-05,3367.27,3409.57,3367.27,3408.63,0,0.017976,1,1
108105,2020-10-06,3354.54,3431.56,3408.74,3360.95,0,-0.013988,1,1
108105,2020-10-07,3384.56,3426.26,3384.56,3419.45,0,0.017406,1,1
108105,2020-10-08,3428.15,3447.28,3434.28,3446.83,0,0.008007,1,1
108105,2020-10-09,3458.07,3482.34,3459.67,3477.13,0,0.008791,1,1
108105,2020-10-12,3499.61,3549.85,3500.02,3534.22,0,0.016419,1,1
108105,2020-10-13,3500.86,3534.01,3534.01,3511.93,0,-0.006307,1,1
108105,2020-10-14,3480.55,3527.94,3515.47,3488.67,0,-0.006623,1,1
108105,2020-10-15,3440.89,3489.08,3453.72,3483.34,0,-0.001528,1,1
108105,2020-10-16,3480.45,3515.76,3493.5,3483.81,0,0.000135,1,1
108105,2020-10-19,3419.93,3502.42,3493.66,3426.92,0,-0.01633,1,1
108105,2020-10-20,3435.65,3476.93,3439.38,3443.12,0,0.004727,1,1
108105,2020-10-21,3433.06,3464.86,3439.91,3435.56,0,-0.002196,1,1
108105,2020-10-22,3415.34,3460.53,3438.5,3453.49,0,0.005219,1,1
108105,2020-10-23,3440.45,3466.46,3464.9,3465.39,0,0.003446,1,1
108105,2020-10-26,3364.86,3441.42,3441.42,3400.97,0,-0.01859,1,1
108105,2020-10-27,3388.71,3409.51,3403.15,3390.68,0,-0.003026,1,1
108105,2020-10-28,3268.89,3342.48,3342.48,3271.03,0,-0.035288,1,1
108105,2020-10-29,3259.82,3341.05,3277.17,3310.11,0,0.011947,1,1
108105,2020-10-30,3233.94,3304.93,3293.59,3269.96,0,-0.01213,1,1
108105,2020-11-02,3279.74,3330.14,3296.2,3310.24,0,0.012318,1,1
108105,2020-11-03,3336.25,3389.49,3336.25,3369.16,0,0.017757,1,1
108105,2020-11-04,3405.17,3486.25,3406.46,3443.44,0,0.022089,1,1
108105,2020-11-05,3485.74,3529.05,3485.74,3510.45,0,0.01946,1,1
108105,2020-11-06,3484.34,3521.58,3508.34,3509.44,0,-0.000288,1,1
108105,2020-11-09,3547.48,3645.99,3583.04,3550.5,0,0.0117,1,1
108105,2020-11-10,3511.91,3557.22,3543.26,3545.53,0,-0.0014,1,1
108105,2020-11-11,3557,3581.16,3563.22,3572.66,0,0.007652,1,1
108105,2020-11-12,3518.58,3569.02,3562.67,3537.01,0,-0.009979,1,1
108105,2020-11-13,3552.57,3593.66,3552.57,3585.15,0,0.01361,1,1
108105,2020-11-16,3600.16,3628.51,3600.16,3626.91,0,0.011648,1,1
108105,2020-11-17,3588.68,3623.11,3610.31,3609.53,0,-0.004792,1,1
108105,2020-11-18,3567.33,3619.09,3612.09,3567.79,0,-0.011564,1,1
108105,2020-11-19,3543.84,3585.22,3559.41,3581.87,0,0.003946,1,1
108105,2020-11-20,3556.85,3581.23,3579.31,3557.54,0,-0.006793,1,1
108105,2020-11-23,3552.77,3589.81,3566.82,3577.59,0,0.005636,1,1
108105,2020-11-24,3594.52,3642.31,3594.52,3635.41,0,0.016162,1,1
108105,2020-11-25,3617.76,3635.5,3635.5,3629.65,0,-0.001584,1,1
108105,2020-11-27,3629.33,3644.31,3638.55,3638.35,0,0.002397,1,1
108105,2020-11-30,3594.39,3634.18,3634.18,3621.63,0,-0.004596,1,1
108105,2020-12-01,3645.87,3678.45,3645.87,3662.45,0,0.011271,1,1
108105,2020-12-02,3644.84,3670.96,3653.78,3669.01,0,0.001791,1,1
108105,2020-12-03,3657.17,3682.73,3668.28,3666.72,0,-0.000624,1,1
108105,2020-12-04,3670.94,3699.2,3670.94,3699.12,0,0.008836,1,1
108105,2020-12-07,3678.88,3697.41,3694.73,3691.96,0,-0.001936,1,1
108105,2020-12-08,3678.83,3708.45,3683.05,3702.25,0,0.002787,1,1
108105,2020-12-09,3660.54,3712.39,3705.98,3672.82,0,-0.007949,1,1
108105,2020-12-10,3645.18,3678.49,3659.13,3668.1,0,-0.001285,1,1
108105,2020-12-11,3633.4,3665.91,3656.08,3663.46,0,-0.001265,1,1
108105,2020-12-14,3645.84,3697.61,3675.27,3647.49,0,-0.004359,1,1
108105,2020-12-15,3659.62,3695.29,3666.41,3694.62,0,0.012921,1,1
108105,2020-12-16,3688.57,3711.27,3696.25,3701.17,0,0.001773,1,1
108105,2020-12-17,3710.87,3725.12,3713.65,3722.48,0,0.005758,1,1
108105,2020-12-18,3685.84,3726.7,3722.39,3709.41,0,-0.003511,1,1
108105,2020-12-21,3636.48,3702.9,3684.28,3694.92,0,-0.003906,1,1
108105,2020-12-22,3676.16,3698.26,3698.08,3687.26,0,-0.002073,1,1
108105,2020-12-23,3689.28,3711.24,3693.42,3690.01,0,0.000746,1,1
108105,2020-12-24,3689.32,3703.82,3694.03,3703.06,0,0.003537,1,1
108105,2020-12-28,3723.03,3740.51,3723.03,3735.36,0,0.008723,1,1
108105,2020-12-29,3723.31,3756.12,3750.01,3727.04,0,-0.002227,1,1
108105,2020-12-30,3730.21,3744.63,3736.19,3732.04,0,0.001342,1,1
108105,2020-12-31,3726.88,3760.2,3733.27,3756.07,0,0.006439,1,1
108105,2021-01-04,3662.71,3769.99,3764.61,3700.65,0,-0.014755,1,1
108105,2021-01-05,3695.07,3737.83,3698.02,3726.86,0,0.007083,1,1
108105,2021-01-06,3705.34,3783.04,3712.2,3748.14,0,0.00571,1,1
108105,2021-01-07,3764.71,3811.55,3764.71,3803.79,0,0.014847,1,1
108105,2021-01-08,3783.6,3826.69,3815.05,3824.68,0,0.005492,1,1
108105,2021-01-11,3789.02,3817.86,3803.14,3799.61,0,-0.006555,1,1
108105,2021-01-12,3776.51,3810.78,3801.62,3801.19,0,0.000416,1,1
108105,2021-01-13,3791.5,3820.96,3802.23,3809.84,0,0.002276,1,1
108105,2021-01-14,3792.86,3823.6,3814.98,3795.54,0,-0.003753,1,1
108105,2021-01-15,3749.62,3788.73,3788.73,3768.25,0,-0.00719,1,1
108105,2021-01-19,3780.37,3804.53,3781.88,3798.91,0,0.008136,1,1
108105,2021-01-20,3816.22,3859.75,3816.22,3851.85,0,0.013936,1,1
108105,2021-01-21,3845.05,3861.45,3857.46,3853.07,0,0.000317,1,1
108105,2021-01-22,3830.41,3852.31,3844.24,3841.47,0,-0.003011,1,1
108105,2021-01-25,3797.16,3859.23,3851.68,3855.36,0,0.003616,1,1
108105,2021-01-26,3847.78,3870.9,3862.96,3849.62,0,-0.001489,1,1
108105,2021-01-27,3732.48,3836.83,3836.83,3750.77,0,-0.025678,1,1
108105,2021-01-28,3755.75,3830.5,3755.75,3787.38,0,0.009761,1,1
108105,2021-01-29,3694.12,3778.05,3778.05,3714.24,0,-0.019311,1,1
108105,2021-02-01,3725.62,3784.32,3731.17,3773.86,0,0.016052,1,1
108105,2021-02-02,3791.84,3843.09,3791.84,3826.31,0,0.013898,1,1
108105,2021-02-03,3816.68,3847.51,3840.27,3830.17,0,0.001009,1,1
108105,2021-02-04,3836.66,3872.42,3836.66,3871.74,0,0.010853,1,1
108105,2021-02-05,3874.93,3894.56,3878.3,3886.83,0,0.003897,1,1
108105,2021-02-08,3892.59,3915.77,3892.59,3915.59,0,0.007399,1,1
108105,2021-02-09,3902.64,3918.35,3910.49,3911.23,0,-0.001114,1,1
108105,2021-02-10,3884.94,3931.5,3920.78,3909.88,0,-0.000345,1,1
108105,2021-02-11,3890.39,3925.99,3916.4,3916.38,0,0.001662,1,1
108105,2021-02-12,3905.78,3937.23,3911.65,3934.83,0,0.004711,1,1
108105,2021-02-16,3923.85,3950.43,3939.61,3932.59,0,-0.000569,1,1
108105,2021-02-17,3900.43,3933.61,3918.5,3931.33,0,-0.00032,1,1
108105,2021-02-18,3885.03,3921.98,3915.86,3913.97,0,-0.004416,1,1
108105,2021-02-19,3903.07,3930.41,3921.16,3906.71,0,-0.001855,1,1
108105,2021-02-22,3874.71,3902.92,3885.55,3876.5,0,-0.007733,1,1
108105,2021-02-23,3805.59,3895.98,3857.07,3881.37,0,0.001256,1,1
108105,2021-02-24,3859.6,3928.65,3873.71,3925.43,0,0.011352,1,1
108105,2021-02-25,3814.04,3925.02,3915.8,3829.34,0,-0.024479,1,1
108105,2021-02-26,3789.54,3861.08,3839.66,3811.15,0,-0.00475,1,1
108105,2021-03-01,3842.51,3914.5,3842.51,3901.82,0,0.023791,1,1
108105,2021-03-02,3868.57,3906.41,3903.64,3870.29,0,-0.008081,1,1
108105,2021-03-03,3818.86,3874.47,3863.99,3819.72,0,-0.013066,1,1
108105,2021-03-04,3723.34,3843.67,3818.53,3768.47,0,-0.013417,1,1
108105,2021-03-05,3730.19,3851.69,3793.58,3841.94,0,0.019496,1,1
108105,2021-03-08,3819.25,3881.06,3844.39,3821.35,0,-0.005359,1,1
108105,2021-03-09,3851.93,3903.76,3851.93,3875.44,0,0.014155,1,1
108105,2021-03-10,3885.73,3917.35,3891.99,3898.81,0,0.00603,1,1
108105,2021-03-11,3915.54,3960.27,3915.54,3939.34,0,0.010395,1,1
108105,2021-03-12,3915.21,3944.99,3924.52,3943.34,0,0.001015,1,1
108105,2021-03-15,3923.54,3970.08,3942.96,3968.94,0,0.006492,1,1
108105,2021-03-16,3953.44,3981.04,3973.59,3962.71,0,-0.00157,1,1
108105,2021-03-17,3935.74,3983.87,3949.57,3974.12,0,0.002879,1,1
108105,2021-03-18,3910.86,3969.62,3953.5,3915.46,0,-0.014761,1,1
108105,2021-03-19,3886.75,3930.12,3913.14,3913.1,0,-0.000603,1,1
108105,2021-03-22,3914.16,3955.31,3916.48,3940.59,0,0.007025,1,1
108105,2021-03-23,3901.57,3949.13,3937.6,3910.52,0,-0.007631,1,1
108105,2021-03-24,3889.07,3942.08,3919.93,3889.14,0,-0.005467,1,1
108105,2021-03-25,3853.5,3919.54,3879.34,3909.52,0,0.00524,1,1
108105,2021-03-26,3917.12,3978.19,3917.12,3974.54,0,0.016631,1,1
108105,2021-03-29,3943.25,3981.83,3969.31,3971.09,0,-0.000868,1,1
108105,2021-03-30,3944.35,3968.01,3963.34,3958.55,0,-0.003158,1,1
108105,2021-03-31,3966.98,3994.41,3967.25,3972.89,0,0.003622,1,1
108105,2021-04-01,3992.78,4020.63,3992.78,4019.87,0,0.011825,1,1
108105,2021-04-05,4034.44,4083.42,4034.44,4077.91,0,0.014438,1,1
108105,2021-04-06,4068.14,4086.23,4075.57,4073.94,0,-0.000974,1,1
108105,2021-04-07,4068.31,4083.13,4074.29,4079.95,0,0.001475,1,1
108105,2021-04-08,4082.54,4098.19,4089.95,4097.17,0,0.004221,1,1
108105,2021-04-09,4095.51,4129.48,4096.11,4128.8,0,0.00772,1,1
108105,2021-04-12,4114.82,4131.76,4124.71,4127.99,0,-0.000196,1,1
108105,2021-04-13,4124.43,4148,4130.1,4141.59,0,0.003294,1,1
108105,2021-04-14,4120.87,4151.69,4141.58,4124.66,0,-0.004088,1,1
108105,2021-04-15,4139.76,4173.49,4139.76,4170.42,0,0.011094,1,1
108105,2021-04-16,4170.75,4191.31,4174.14,4185.47,0,0.003609,1,1
108105,2021-04-19,4150.47,4180.81,4179.8,4163.26,0,-0.005307,1,1
108105,2021-04-20,4118.38,4159.18,4159.18,4134.94,0,-0.006802,1,1
108105,2021-04-21,4126.35,4175.02,4128.42,4173.42,0,0.009306,1,1
108105,2021-04-22,4123.69,4179.57,4170.46,4134.98,0,-0.009211,1,1
108105,2021-04-23,4138.78,4194.17,4138.78,4180.17,0,0.010929,1,1
108105,2021-04-26,4182.36,4194.19,4185.03,4187.62,0,0.001782,1,1
108105,2021-04-27,4176.22,4193.35,4188.25,4186.72,0,-0.000215,1,1
108105,2021-04-28,4181.78,4201.53,4185.14,4183.18,0,-0.000846,1,1
108105,2021-04-29,4176.81,4218.78,4206.14,4211.47,0,0.006763,1,1
108105,2021-04-30,4174.85,4198.1,4198.1,4181.17,0,-0.007195,1,1
108105,2021-05-03,4188.03,4209.39,4191.98,4192.66,0,0.002748,1,1
108105,2021-05-04,4128.59,4179.04,4179.04,4164.66,0,-0.006678,1,1
108105,2021-05-05,4160.94,4187.72,4177.06,4167.59,0,0.000703,1,1
108105,2021-05-06,4147.33,4202.7,4169.14,4201.62,0,0.008165,1,1
108105,2021-05-07,4201.64,4238.04,4210.34,4232.6,0,0.007373,1,1
108105,2021-05-10,4188.13,4236.39,4228.29,4188.43,0,-0.010436,1,1
108105,2021-05-11,4111.53,4162.04,4150.34,4152.1,0,-0.008674,1,1
108105,2021-05-12,4056.88,4134.73,4130.55,4063.04,0,-0.021449,1,1
108105,2021-05-13,4074.99,4131.58,4074.99,4112.5,0,0.012173,1,1
108105,2021-05-14,4129.58,4183.13,4129.58,4173.85,0,0.014918,1,1
108105,2021-05-17,4142.69,4171.92,4169.92,4163.29,0,-0.00253,1,1
108105,2021-05-18,4125.99,4169.15,4165.94,4127.83,0,-0.008517,1,1
108105,2021-05-19,4061.41,4116.93,4098.45,4115.68,0,-0.002943,1,1
108105,2021-05-20,4121.97,4172.8,4121.97,4159.12,0,0.010555,1,1
108105,2021-05-21,4151.72,4188.72,4168.61,4155.86,0,-0.000784,1,1
108105,2021-05-24,4170.16,4209.52,4170.16,4197.05,0,0.009911,1,1
108105,2021-05-25,4182.52,4213.42,4205.94,4188.13,0,-0.002125,1,1
108105,2021-05-26,4184.11,4202.61,4191.59,4195.99,0,0.001877,1,1
108105,2021-05-27,4197.78,4213.38,4201.94,4200.88,0,0.001165,1,1
108105,2021-05-28,4203.57,4218.36,4210.77,4204.11,0,0.000769,1,1
108105,2021-06-01,4197.59,4234.12,4216.52,4202.04,0,-0.000492,1,1
108105,2021-06-02,4198.27,4217.37,4206.82,4208.12,0,0.001447,1,1
108105,2021-06-03,4167.93,4204.39,4191.43,4192.85,0,-0.003629,1,1
108105,2021-06-04,4206.05,4233.45,4206.05,4229.89,0,0.008834,1,1
108105,2021-06-07,4215.66,4232.34,4229.34,4226.52,0,-0.000797,1,1
108105,2021-06-08,4208.41,4236.74,4233.81,4227.26,0,0.000175,1,1
108105,2021-06-09,4218.74,4237.09,4232.99,4219.55,0,-0.001824,1,1
108105,2021-06-10,4220.34,4249.74,4228.56,4239.18,0,0.004652,1,1
108105,2021-06-11,4232.25,4248.38,4242.9,4247.44,0,0.001948,1,1
108105,2021-06-14,4234.07,4255.59,4248.31,4255.15,0,0.001815,1,1
108105,2021-06-15,4238.35,4257.16,4255.28,4246.59,0,-0.002012,1,1
108105,2021-06-16,4202.45,4251.89,4248.87,4223.7,0,-0.00539,1,1
108105,2021-06-17,4196.05,4232.29,4220.37,4221.86,0,-0.000436,1,1
108105,2021-06-18,4164.4,4204.78,4204.78,4166.45,0,-0.013124,1,1
108105,2021-06-21,4173.4,4226.24,4173.4,4224.79,0,0.014002,1,1
108105,2021-06-22,4217.27,4255.84,4224.61,4246.44,0,0.005124,1,1
108105,2021-06-23,4241.43,4256.6,4249.27,4241.84,0,-0.001083,1,1
108105,2021-06-24,4256.97,4271.28,4256.97,4266.49,0,0.005811,1,1
108105,2021-06-25,4271.16,4286.12,4274.45,4280.7,0,0.003331,1,1
108105,2021-06-28,4274.67,4292.14,4284.9,4290.61,0,0.002315,1,1
108105,2021-06-29,4287.04,4300.52,4293.21,4291.8,0,0.000277,1,1
108105,2021-06-30,4287.96,4302.43,4290.65,4297.5,0,0.001328,1,1
108105,2021-07-01,4300.73,4320.66,4300.73,4319.94,0,0.005222,1,1
108105,2021-07-02,4326.6,4355.43,4326.6,4352.34,0,0.0075,1,1
108105,2021-07-06,4314.37,4356.46,4356.46,4343.54,0,-0.002022,1,1
108105,2021-07-07,4329.79,4361.88,4351.01,4358.13,0,0.003359,1,1
108105,2021-07-08,4289.37,4330.88,4321.07,4320.82,0,-0.008561,1,1
108105,2021-07-09,4329.38,4371.6,4329.38,4369.55,0,0.011278,1,1
108105,2021-07-12,4364.03,4386.68,4372.41,4384.63,0,0.003451,1,1
108105,2021-07-13,4366.92,4392.37,4381.07,4369.21,0,-0.003517,1,1
108105,2021-07-14,4362.36,4393.68,4380.11,4374.3,0,0.001165,1,1
108105,2021-07-15,4340.7,4369.02,4369.02,4360.03,0,-0.003262,1,1
108105,2021-07-16,4322.53,4375.09,4367.43,4327.16,0,-0.007539,1,1
108105,2021-07-19,4233.13,4296.4,4296.4,4258.49,0,-0.01587,1,1
108105,2021-07-20,4262.05,4336.84,4265.11,4323.06,0,0.015163,1,1
108105,2021-07-21,4331.13,4359.7,4331.13,4358.69,0,0.008242,1,1
108105,2021-07-22,4350.06,4369.87,4361.27,4367.48,0,0.002017,1,1
108105,2021-07-23,4381.2,4415.18,4381.2,4411.79,0,0.010145,1,1
108105,2021-07-26,4405.45,4422.73,4409.58,4422.3,0,0.002382,1,1
108105,2021-07-27,4372.51,4416.38,4416.38,4401.46,0,-0.004712,1,1
108105,2021-07-28,4387.01,4415.47,4402.95,4400.64,0,-0.000186,1,1
108105,2021-07-29,4403.59,4429.97,4403.59,4419.15,0,0.004206,1,1
108105,2021-07-30,4389.65,4412.25,4395.12,4395.26,0,-0.005406,1,1
108105,2021-08-02,4384.81,4422.18,4406.86,4387.16,0,-0.001843,1,1
108105,2021-08-03,4373,4423.79,4392.74,4423.15,0,0.008203,1,1
108105,2021-08-04,4400.23,4416.17,4415.95,4402.66,0,-0.004632,1,1
108105,2021-08-05,4408.86,4429.76,4408.86,4429.1,0,0.006005,1,1
108105,2021-08-06,4429.07,4440.82,4429.07,4436.52,0,0.001675,1,1
108105,2021-08-09,4424.74,4439.39,4437.77,4432.35,0,-0.00094,1,1
108105,2021-08-10,4430.03,4445.21,4435.79,4436.75,0,0.000993,1,1
108105,2021-08-11,4436.42,4449.44,4442.18,4447.7,0,0.002468,1,1
108105,2021-08-12,4435.96,4461.77,4446.08,4460.83,0,0.002952,1,1
108105,2021-08-13,4460.82,4468.37,4464.84,4468,0,0.001607,1,1
108105,2021-08-16,4437.66,4480.26,4461.65,4479.71,0,0.002621,1,1
108105,2021-08-17,4417.83,4462.12,4462.12,4448.08,0,-0.007061,1,1
108105,2021-08-18,4397.59,4454.32,4440.94,4400.27,0,-0.010748,1,1
108105,2021-08-19,4367.73,4418.61,4382.44,4405.8,0,0.001257,1,1
108105,2021-08-20,4406.8,4444.35,4410.56,4441.67,0,0.008142,1,1
108105,2021-08-23,4450.29,4489.88,4450.29,4479.53,0,0.008524,1,1
108105,2021-08-24,4482.28,4492.81,4484.4,4486.23,0,0.001496,1,1
108105,2021-08-25,4485.66,4501.71,4490.45,4496.19,0,0.00222,1,1
108105,2021-08-26,4468.99,4495.9,4493.75,4470,0,-0.005825,1,1
108105,2021-08-27,4474.1,4513.33,4474.1,4509.37,0,0.008808,1,1
108105,2021-08-30,4513.76,4537.36,4513.76,4528.79,0,0.004307,1,1
108105,2021-08-31,4515.8,4531.39,4529.75,4522.68,0,-0.001349,1,1
108105,2021-09-01,4522.02,4537.11,4528.8,4524.09,0,0.000312,1,1
108105,2021-09-02,4524.66,4545.85,4534.48,4536.95,0,0.002843,1,1
108105,2021-09-03,4521.3,4541.45,4532.42,4535.43,0,-0.000335,1,1
108105,2021-09-07,4513,4535.38,4535.38,4520.03,0,-0.003396,1,1
108105,2021-09-08,4493.95,4521.79,4518.09,4514.07,0,-0.001319,1,1
108105,2021-09-09,4492.07,4529.9,4513.02,4493.28,0,-0.004606,1,1
108105,2021-09-10,4457.66,4520.47,4506.92,4458.58,0,-0.007723,1,1
108105,2021-09-13,4445.7,4492.99,4474.81,4468.73,0,0.002276,1,1
108105,2021-09-14,4435.46,4485.68,4479.33,4443.05,0,-0.005747,1,1
108105,2021-09-15,4438.37,4486.87,4447.49,4480.7,0,0.008474,1,1
108105,2021-09-16,4443.8,4485.87,4477.09,4473.75,0,-0.001551,1,1
108105,2021-09-17,4427.76,4471.52,4469.74,4432.99,0,-0.009111,1,1
108105,2021-09-20,4305.91,4402.95,4402.95,4357.73,0,-0.016977,1,1
108105,2021-09-21,4347.96,4394.87,4374.45,4354.19,0,-0.000812,1,1
108105,2021-09-22,4367.43,4416.75,4367.43,4395.64,0,0.00952,1,1
108105,2021-09-23,4406.75,4465.4,4406.75,4448.98,0,0.012135,1,1
108105,2021-09-24,4430.27,4463.12,4438.04,4455.48,0,0.001461,1,1
108105,2021-09-27,4436.19,4457.3,4442.12,4443.11,0,-0.002776,1,1
108105,2021-09-28,4346.33,4419.54,4419.54,4352.63,0,-0.020364,1,1
108105,2021-09-29,4355.08,4385.57,4362.41,4359.46,0,0.001569,1,1
108105,2021-09-30,4306.24,4382.55,4370.67,4307.54,0,-0.01191,1,1
108105,2021-10-01,4288.52,4375.19,4317.16,4357.04,0,0.011491,1,1
108105,2021-10-04,4278.94,4355.51,4348.84,4300.46,0,-0.012986,1,1
108105,2021-10-05,4309.87,4369.23,4309.87,4345.72,0,0.010525,1,1
108105,2021-10-06,4290.49,4365.57,4319.57,4363.55,0,0.004103,1,1
108105,2021-10-07,4383.73,4429.97,4383.73,4399.76,0,0.008298,1,1
108105,2021-10-08,4386.22,4412.02,4406.51,4391.34,0,-0.001914,1,1
108105,2021-10-11,4360.59,4415.88,4385.44,4361.19,0,-0.006866,1,1
108105,2021-10-12,4342.09,4374.89,4368.31,4350.65,0,-0.002417,1,1
108105,2021-10-13,4329.92,4372.87,4358.01,4363.8,0,0.003023,1,1
108105,2021-10-14,4386.75,4439.73,4386.75,4438.26,0,0.017063,1,1
108105,2021-10-15,4447.69,4475.82,4447.69,4471.37,0,0.00746,1,1
108105,2021-10-18,4447.47,4488.75,4463.72,4486.46,0,0.003375,1,1
108105,2021-10-19,4496.41,4520.4,4497.34,4519.63,0,0.007393,1,1
108105,2021-10-20,4524.4,4540.87,4524.42,4536.19,0,0.003664,1,1
108105,2021-10-21,4526.89,4551.44,4532.24,4549.78,0,0.002996,1,1
108105,2021-10-22,4524,4559.67,4546.12,4544.9,0,-0.001073,1,1
108105,2021-10-25,4537.36,4572.62,4553.69,4566.48,0,0.004748,1,1
108105,2021-10-26,4569.17,4598.53,4578.69,4574.79,0,0.00182,1,1
108105,2021-10-27,4551.66,4584.57,4580.22,4551.68,0,-0.005052,1,1
108105,2021-10-28,4562.84,4597.55,4562.84,4596.42,0,0.009829,1,1
108105,2021-10-29,4567.59,4608.08,4572.87,4605.38,0,0.001949,1,1
108105,2021-11-01,4595.06,4620.34,4610.62,4613.67,0,0.0018,1,1
108105,2021-11-02,4613.34,4635.15,4613.34,4630.65,0,0.00368,1,1
108105,2021-11-03,4621.19,4663.46,4630.65,4660.57,0,0.006461,1,1
108105,2021-11-04,4662.59,4683,4662.93,4680.06,0,0.004182,1,1
108105,2021-11-05,4681.32,4718.5,4699.26,4697.53,0,0.003733,1,1
108105,2021-11-08,4694.39,4714.92,4701.48,4701.7,0,0.000888,1,1
108105,2021-11-09,4670.87,4708.53,4707.25,4685.25,0,-0.003499,1,1
108105,2021-11-10,4630.86,4684.85,4670.26,4646.71,0,-0.008226,1,1
108105,2021-11-11,4648.31,4664.55,4659.39,4649.27,0,0.000551,1,1
108105,2021-11-12,4650.77,4688.47,4655.24,4682.85,0,0.007223,1,1
108105,2021-11-15,4672.86,4697.42,4689.3,4682.8,0,-0.000011,1,1
108105,2021-11-16,4679.42,4714.95,4679.42,4700.9,0,0.003865,1,1
108105,2021-11-17,4684.41,4701.5,4701.5,4688.67,0,-0.002602,1,1
108105,2021-11-18,4672.78,4708.8,4700.72,4704.54,0,0.003385,1,1
108105,2021-11-19,4694.22,4717.75,4708.44,4697.96,0,-0.001399,1,1
108105,2021-11-22,4682.17,4743.83,4712,4682.94,0,-0.003197,1,1
108105,2021-11-23,4652.66,4699.39,4678.48,4690.7,0,0.001657,1,1
108105,2021-11-24,4659.89,4702.87,4675.78,4701.46,0,0.002294,1,1
108105,2021-11-26,4585.43,4664.63,4664.63,4594.62,0,-0.022725,1,1
108105,2021-11-29,4625.26,4672.95,4628.75,4655.27,0,0.0132,1,1
108105,2021-11-30,4560,4646.02,4640.25,4567,0,-0.018961,1,1
108105,2021-12-01,4510.27,4652.94,4602.82,4513.04,0,-0.011815,1,1
108105,2021-12-02,4504.73,4595.46,4504.73,4577.1,0,0.014194,1,1
108105,2021-12-03,4495.12,4608.03,4589.49,4538.43,0,-0.008449,1,1
108105,2021-12-06,4540.51,4612.6,4548.37,4591.67,0,0.011731,1,1
108105,2021-12-07,4631.97,4694.04,4631.97,4686.75,0,0.020707,1,1
108105,2021-12-08,4674.52,4705.06,4690.86,4701.21,0,0.003085,1,1
108105,2021-12-09,4665.98,4695.26,4691,4667.45,0,-0.007181,1,1
108105,2021-12-10,4670.24,4713.57,4687.64,4712.02,0,0.009549,1,1
108105,2021-12-13,4667.6,4710.3,4710.3,4668.97,0,-0.009136,1,1
108105,2021-12-14,4606.52,4660.47,4642.99,4634.09,0,-0.007471,1,1
108105,2021-12-15,4611.22,4712.6,4636.46,4709.85,0,0.016348,1,1
108105,2021-12-16,4651.89,4731.99,4719.13,4668.67,0,-0.008743,1,1
108105,2021-12-17,4600.22,4666.7,4652.5,4620.64,0,-0.010288,1,1
108105,2021-12-20,4531.1,4587.9,4587.9,4568.02,0,-0.011388,1,1
108105,2021-12-21,4583.16,4651.14,4594.96,4649.23,0,0.017778,1,1
108105,2021-12-22,4645.53,4697.67,4650.36,4696.56,0,0.01018,1,1
108105,2021-12-23,4703.96,4740.74,4703.96,4725.79,0,0.006224,1,1
108105,2021-12-27,4733.99,4791.49,4733.99,4791.19,0,0.013839,1,1
108105,2021-12-28,4780.04,4807.02,4795.49,4786.35,0,-0.00101,1,1
108105,2021-12-29,4778.08,4804.06,4788.64,4793.06,0,0.001402,1,1
108105,2021-12-30,4775.33,4808.93,4794.23,4778.73,0,-0.00299,1,1
108105,2021-12-31,4765.75,4786.83,4775.21,4766.18,0,-0.002626,1,1
108105,2022-01-03,4758.17,4796.64,4778.14,4796.56,0,0.006374,1,1
108105,2022-01-04,4774.27,4818.62,4804.51,4793.54,0,-0.00063,1,1
108105,2022-01-05,4699.44,4797.7,4787.99,4700.58,0,-0.019393,1,1
108105,2022-01-06,4671.26,4725.01,4693.39,4696.05,0,-0.000964,1,1
108105,2022-01-07,4662.74,4707.95,4697.66,4677.03,0,-0.00405,1,1
108105,2022-01-10,4582.24,4673.02,4655.34,4670.29,0,-0.001441,1,1
108105,2022-01-11,4638.27,4714.13,4669.14,4713.07,0,0.00916,1,1
108105,2022-01-12,4706.71,4748.83,4728.59,4726.35,0,0.002818,1,1
108105,2022-01-13,4650.29,4744.13,4733.56,4659.03,0,-0.014244,1,1
108105,2022-01-14,4614.75,4665.13,4637.99,4662.85,0,0.00082,1,1
108105,2022-01-18,4568.7,4632.24,4632.24,4577.11,0,-0.018388,1,1
108105,2022-01-19,4530.2,4611.55,4588.03,4532.76,0,-0.00969,1,1
108105,2022-01-20,4477.95,4602.11,4547.35,4482.73,0,-0.011037,1,1
108105,2022-01-21,4395.34,4494.52,4471.38,4397.94,0,-0.018915,1,1
108105,2022-01-24,4222.62,4417.35,4356.32,4410.13,0,0.002772,1,1
108105,2022-01-25,4287.11,4411.01,4366.64,4356.45,0,-0.012172,1,1
108105,2022-01-26,4304.8,4453.23,4408.43,4349.93,0,-0.001497,1,1
108105,2022-01-27,4309.5,4428.74,4380.58,4326.51,0,-0.005384,1,1
108105,2022-01-28,4292.46,4432.72,4336.19,4431.85,0,0.024348,1,1
108105,2022-01-31,4414.02,4516.89,4431.79,4515.55,0,0.018886,1,1
108105,2022-02-01,4483.53,4550.49,4519.57,4546.54,0,0.006863,1,1
108105,2022-02-02,4544.32,4595.31,4566.39,4589.38,0,0.009423,1,1
108105,2022-02-03,4470.39,4542.88,4535.41,4477.44,0,-0.024391,1,1
108105,2022-02-04,4451.5,4539.66,4482.79,4500.53,0,0.005157,1,1
108105,2022-02-07,4471.47,4521.86,4505.75,4483.87,0,-0.003702,1,1
108105,2022-02-08,4465.4,4531.32,4480.02,4521.54,0,0.008401,1,1
108105,2022-02-09,4547,4590.03,4547,4587.18,0,0.014517,1,1
108105,2022-02-10,4484.31,4588.92,4553.24,4504.08,0,-0.018116,1,1
108105,2022-02-11,4401.41,4526.33,4506.27,4418.64,0,-0.018969,1,1
108105,2022-02-14,4364.84,4426.22,4412.61,4401.67,0,-0.003841,1,1
108105,2022-02-15,4429.28,4472.77,4429.28,4471.07,0,0.015767,1,1
108105,2022-02-16,4429.68,4489.55,4455.75,4475.01,0,0.000881,1,1
108105,2022-02-17,4373.81,4456.06,4456.06,4380.26,0,-0.021173,1,1
108105,2022-02-18,4327.22,4394.6,4384.57,4348.87,0,-0.007166,1,1
108105,2022-02-22,4267.11,4362.12,4332.74,4304.76,0,-0.010143,1,1
108105,2022-02-23,4221.51,4341.51,4324.93,4225.5,0,-0.018412,1,1
108105,2022-02-24,4114.65,4294.73,4155.77,4288.7,0,0.014957,1,1
108105,2022-02-25,4286.83,4385.34,4298.38,4384.65,0,0.022373,1,1
108105,2022-02-28,4315.12,4388.84,4354.17,4373.94,0,-0.002443,1,1
108105,2022-03-01,4279.54,4378.45,4363.14,4306.26,0,-0.015473,1,1
108105,2022-03-02,4322.56,4401.48,4322.56,4386.54,0,0.018643,1,1
108105,2022-03-03,4345.56,4416.78,4401.31,4363.49,0,-0.005255,1,1
108105,2022-03-04,4284.98,4342.12,4342.12,4328.87,0,-0.007934,1,1
108105,2022-03-07,4199.85,4327.01,4327.01,4201.09,0,-0.029518,1,1
108105,2022-03-08,4157.87,4276.94,4202.66,4170.7,0,-0.007234,1,1
108105,2022-03-09,4223.1,4299.4,4223.1,4277.88,0,0.025698,1,1
108105,2022-03-10,4209.8,4268.28,4252.55,4259.52,0,-0.004292,1,1
108105,2022-03-11,4200.49,4291.01,4279.5,4204.31,0,-0.012962,1,1
108105,2022-03-14,4161.72,4247.57,4202.75,4173.11,0,-0.007421,1,1
108105,2022-03-15,4187.9,4271.05,4188.82,4262.45,0,0.021409,1,1
108105,2022-03-16,4251.99,4358.9,4288.14,4357.86,0,0.022384,1,1
108105,2022-03-17,4335.65,4412.67,4345.11,4411.67,0,0.012348,1,1
108105,2022-03-18,4390.57,4465.4,4407.34,4463.12,0,0.011662,1,1
108105,2022-03-21,4424.3,4481.75,4462.4,4461.18,0,-0.000435,1,1
108105,2022-03-22,4469.1,4522,4469.1,4511.61,0,0.011304,1,1
108105,2022-03-23,4455.81,4501.07,4493.1,4456.24,0,-0.012273,1,1
108105,2022-03-24,4465.17,4520.58,4469.98,4520.16,0,0.014344,1,1
108105,2022-03-25,4501.07,4546.03,4522.91,4543.06,0,0.005066,1,1
108105,2022-03-28,4517.69,4575.65,4541.09,4575.52,0,0.007145,1,1
108105,2022-03-29,4589.66,4637.3,4602.86,4631.6,0,0.012257,1,1
108105,2022-03-30,4581.32,4627.77,4624.2,4602.45,0,-0.006294,1,1
108105,2022-03-31,4530.41,4603.07,4599.02,4530.41,0,-0.015653,1,1
108105,2022-04-01,4507.57,4548.7,4540.32,4545.86,0,0.00341,1,1
108105,2022-04-04,4539.21,4583.5,4547.97,4582.64,0,0.008091,1,1
108105,2022-04-05,4514.17,4593.45,4572.45,4525.12,0,-0.012552,1,1
108105,2022-04-06,4450.04,4503.94,4494.17,4481.15,0,-0.009717,1,1
108105,2022-04-07,4450.3,4521.16,4474.65,4500.21,0,0.004253,1,1
108105,2022-04-08,4474.6,4520.41,4494.15,4488.28,0,-0.002651,1,1
108105,2022-04-11,4408.38,4464.35,4462.64,4412.53,0,-0.016877,1,1
108105,2022-04-12,4381.34,4471,4437.59,4397.45,0,-0.003417,1,1
108105,2022-04-13,4392.7,4453.92,4394.3,4446.59,0,0.011175,1,1
108105,2022-04-14,4390.77,4460.46,4449.12,4392.59,0,-0.012144,1,1
108105,2022-04-18,4370.3,4410.31,4385.63,4391.69,0,-0.000205,1,1
108105,2022-04-19,4390.63,4471.03,4390.63,4462.21,0,0.016058,1,1
108105,2022-04-20,4448.76,4488.29,4472.26,4459.45,0,-0.000618,1,1
108105,2022-04-21,4384.47,4512.94,4489.17,4393.66,0,-0.014753,1,1
108105,2022-04-22,4267.62,4385.83,4385.83,4271.78,0,-0.02774,1,1
108105,2022-04-25,4200.82,4299.02,4255.34,4296.12,0,0.005698,1,1
108105,2022-04-26,4175.04,4278.14,4278.14,4175.2,0,-0.028146,1,1
108105,2022-04-27,4162.9,4240.71,4186.52,4183.96,0,0.002098,1,1
108105,2022-04-28,4188.63,4308.45,4222.58,4287.5,0,0.024747,1,1
108105,2022-04-29,4124.28,4269.68,4253.75,4131.93,0,-0.036285,1,1
108105,2022-05-02,4062.51,4169.81,4130.61,4155.38,0,0.005675,1,1
108105,2022-05-03,4147.08,4200.1,4159.78,4175.48,0,0.004837,1,1
108105,2022-05-04,4148.91,4307.66,4181.18,4300.17,0,0.029862,1,1
108105,2022-05-05,4106.01,4270.43,4270.43,4146.87,0,-0.03565,1,1
108105,2022-05-06,4067.91,4157.69,4128.17,4123.34,0,-0.005674,1,1
108105,2022-05-09,3975.48,4081.27,4081.27,3991.24,0,-0.032037,1,1
108105,2022-05-10,3958.17,4068.82,4035.18,4001.05,0,0.002458,1,1
108105,2022-05-11,3928.82,4049.09,3990.08,3935.18,0,-0.016463,1,1
108105,2022-05-12,3858.87,3964.8,3903.95,3930.08,0,-0.001296,1,1
108105,2022-05-13,3963.9,4038.88,3963.9,4023.89,0,0.02387,1,1
108105,2022-05-16,3983.99,4046.46,4013.02,4008.01,0,-0.003946,1,1
108105,2022-05-17,4033.93,4090.72,4052,4088.85,0,0.02017,1,1
108105,2022-05-18,3911.91,4051.98,4051.98,3923.68,0,-0.040395,1,1
108105,2022-05-19,3876.58,3945.96,3899,3900.79,0,-0.005834,1,1
108105,2022-05-20,3810.32,3943.42,3927.76,3901.36,0,0.000146,1,1
108105,2022-05-23,3909.04,3981.88,3919.42,3973.75,0,0.018555,1,1
108105,2022-05-24,3875.13,3955.68,3942.94,3941.48,0,-0.008121,1,1
108105,2022-05-25,3925.03,3999.33,3929.59,3978.73,0,0.009451,1,1
108105,2022-05-26,3984.6,4075.14,3984.6,4057.84,0,0.019883,1,1
108105,2022-05-27,4077.43,4158.49,4077.43,4158.24,0,0.024742,1,1
108105,2022-05-31,4104.88,4168.34,4151.09,4132.15,0,-0.006274,1,1
108105,2022-06-01,4073.85,4166.54,4149.78,4101.23,0,-0.007483,1,1
108105,2022-06-02,4074.37,4177.51,4095.41,4176.82,0,0.018431,1,1
108105,2022-06-03,4098.67,4142.67,4137.57,4108.54,0,-0.016347,1,1
108105,2022-06-06,4109.18,4168.78,4134.72,4121.43,0,0.003137,1,1
108105,2022-06-07,4080.19,4164.86,4096.47,4160.68,0,0.009523,1,1
108105,2022-06-08,4107.2,4160.14,4147.12,4115.77,0,-0.010794,1,1
108105,2022-06-09,4017.17,4119.1,4101.65,4017.82,0,-0.023799,1,1
108105,2022-06-10,3900.16,3974.39,3974.39,3900.86,0,-0.02911,1,1
108105,2022-06-13,3734.3,3838.15,3838.15,3749.63,0,-0.038768,1,1
108105,2022-06-14,3705.68,3778.18,3763.52,3735.48,0,-0.003774,1,1
108105,2022-06-15,3722.3,3837.56,3764.05,3789.99,0,0.014593,1,1
108105,2022-06-16,3639.77,3728.18,3728.18,3666.77,0,-0.032512,1,1
108105,2022-06-17,3636.87,3707.71,3665.9,3674.84,0,0.002201,1,1
108105,2022-06-21,3715.31,3779.65,3715.31,3764.79,0,0.024477,1,1
108105,2022-06-22,3717.69,3801.79,3733.89,3759.89,0,-0.001302,1,1
108105,2022-06-23,3743.52,3802.58,3774.71,3795.73,0,0.009532,1,1
108105,2022-06-24,3821.75,3913.65,3821.75,3911.74,0,0.030563,1,1
108105,2022-06-27,3889.66,3927.72,3920.76,3900.11,0,-0.002973,1,1
108105,2022-06-28,3820.14,3945.86,3913,3821.55,0,-0.020143,1,1
108105,2022-06-29,3799.02,3836.5,3825.09,3818.83,0,-0.000712,1,1
108105,2022-06-30,3738.67,3818.99,3785.99,3785.38,0,-0.008759,1,1
108105,2022-07-01,3752.1,3829.82,3781,3825.33,0,0.010554,1,1
108105,2022-07-05,3742.06,3832.19,3792.61,3831.39,0,0.001584,1,1
108105,2022-07-06,3809.37,3870.91,3831.98,3845.08,0,0.003573,1,1
108105,2022-07-07,3858.85,3910.63,3858.85,3902.62,0,0.014965,1,1
108105,2022-07-08,3869.34,3918.5,3888.26,3899.38,0,-0.00083,1,1
108105,2022-07-11,3847.22,3880.94,3880.94,3854.43,0,-0.011527,1,1
108105,2022-07-12,3802.36,3873.41,3851.95,3818.8,0,-0.009244,1,1
108105,2022-07-13,3759.07,3829.44,3779.67,3801.78,0,-0.004457,1,1
108105,2022-07-14,3721.56,3796.41,3763.99,3790.38,0,-0.002999,1,1
108105,2022-07-15,3817.18,3863.62,3818,3863.16,0,0.019201,1,1
108105,2022-07-18,3818.63,3902.44,3883.79,3830.85,0,-0.008364,1,1
108105,2022-07-19,3860.73,3939.81,3860.73,3936.69,0,0.027628,1,1
108105,2022-07-20,3922.03,3974.13,3935.32,3959.9,0,0.005896,1,1
108105,2022-07-21,3927.64,3999.29,3955.47,3998.95,0,0.009861,1,1
108105,2022-07-22,3938.86,4012.44,3998.43,3961.63,0,-0.009332,1,1
108105,2022-07-25,3943.46,3975.3,3965.72,3966.84,0,0.001315,1,1
108105,2022-07-26,3910.74,3953.22,3953.22,3921.05,0,-0.011543,1,1
108105,2022-07-27,3951.43,4039.56,3951.43,4023.61,0,0.026156,1,1
108105,2022-07-28,3992.97,4078.95,4026.13,4072.43,0,0.012133,1,1
108105,2022-07-29,4079.22,4140.15,4087.33,4130.29,0,0.014208,1,1
108105,2022-08-01,4096.02,4144.95,4112.38,4118.63,0,-0.002823,1,1
108105,2022-08-02,4079.81,4140.47,4104.21,4091.19,0,-0.006662,1,1
108105,2022-08-03,4107.96,4167.66,4107.96,4155.17,0,0.015638,1,1
108105,2022-08-04,4135.42,4161.29,4154.85,4151.94,0,-0.000777,1,1
108105,2022-08-05,4107.31,4151.58,4115.87,4145.19,0,-0.001626,1,1
108105,2022-08-08,4128.97,4186.62,4155.93,4140.06,0,-0.001238,1,1
108105,2022-08-09,4112.09,4137.3,4133.11,4122.47,0,-0.004249,1,1
108105,2022-08-10,4177.26,4211.03,4181.02,4210.24,0,0.021291,1,1
108105,2022-08-11,4201.41,4257.91,4227.4,4207.27,0,-0.000705,1,1
108105,2022-08-12,4219.78,4280.47,4225.02,4280.15,0,0.017322,1,1
108105,2022-08-15,4256.9,4301.79,4269.37,4297.14,0,0.00397,1,1
108105,2022-08-16,4277.77,4325.28,4290.46,4305.2,0,0.001876,1,1
108105,2022-08-17,4253.08,4302.18,4280.4,4274.04,0,-0.007238,1,1
108105,2022-08-18,4261.98,4292.53,4273.13,4283.74,0,0.00227,1,1
108105,2022-08-19,4218.7,4266.31,4266.31,4228.48,0,-0.0129,1,1
108105,2022-08-22,4129.86,4195.08,4195.08,4137.99,0,-0.0214,1,1
108105,2022-08-23,4124.03,4159.77,4133.09,4128.73,0,-0.002238,1,1
108105,2022-08-24,4119.97,4156.56,4126.55,4140.77,0,0.002916,1,1
108105,2022-08-25,4147.59,4200.54,4153.26,4199.12,0,0.014092,1,1
108105,2022-08-26,4057.66,4203.04,4198.74,4057.66,0,-0.033688,1,1
108105,2022-08-29,4017.42,4062.99,4034.58,4030.61,0,-0.006666,1,1
108105,2022-08-30,3965.21,4044.98,4041.25,3986.16,0,-0.011028,1,1
108105,2022-08-31,3954.53,4015.37,4000.67,3955,0,-0.007817,1,1
108105,2022-09-01,3903.65,3970.23,3936.73,3966.85,0,0.002996,1,1
108105,2022-09-02,3906.21,4018.43,3994.66,3924.26,0,-0.010737,1,1
108105,2022-09-06,3886.75,3942.55,3930.89,3908.19,0,-0.004095,1,1
108105,2022-09-07,3906.03,3987.89,3909.43,3979.87,0,0.018341,1,1
108105,2022-09-08,3944.81,4010.5,3959.94,4006.18,0,0.006611,1,1
108105,2022-09-09,4022.94,4076.81,4022.94,4067.36,0,0.015271,1,1
108105,2022-09-12,4083.67,4119.28,4083.67,4110.41,0,0.010584,1,1
108105,2022-09-13,3921.28,4037.12,4037.12,3932.69,0,-0.043237,1,1
108105,2022-09-14,3912.18,3961.94,3940.73,3946.01,0,0.003387,1,1
108105,2022-09-15,3888.28,3959.14,3932.41,3901.35,0,-0.011318,1,1
108105,2022-09-16,3837.08,3880.95,3880.95,3873.33,0,-0.007182,1,1
108105,2022-09-19,3838.5,3900.45,3849.91,3899.89,0,0.006857,1,1
108105,2022-09-20,3827.54,3876.01,3875.23,3855.93,0,-0.011272,1,1
108105,2022-09-21,3789.49,3907.07,3871.4,3789.93,0,-0.017116,1,1
108105,2022-09-22,3749.45,3790.9,3782.36,3757.99,0,-0.008428,1,1
108105,2022-09-23,3647.47,3727.14,3727.14,3693.23,0,-0.017233,1,1
108105,2022-09-26,3644.76,3715.67,3682.72,3655.04,0,-0.010341,1,1
108105,2022-09-27,3623.29,3717.53,3686.44,3647.29,0,-0.00212,1,1
108105,2022-09-28,3640.61,3736.74,3651.94,3719.04,0,0.019672,1,1
108105,2022-09-29,3610.4,3687.01,3687.01,3640.47,0,-0.021126,1,1
108105,2022-09-30,3584.13,3671.44,3633.48,3585.62,0,-0.015067,1,1
108105,2022-10-03,3604.93,3698.35,3609.78,3678.43,0,0.025884,1,1
108105,2022-10-04,3726.46,3791.92,3726.46,3790.93,0,0.030584,1,1
108105,2022-10-05,3722.66,3806.91,3753.25,3783.28,0,-0.002018,1,1
108105,2022-10-06,3739.22,3797.93,3771.97,3744.52,0,-0.010245,1,1
108105,2022-10-07,3620.73,3706.74,3706.74,3639.66,0,-0.028004,1,1
108105,2022-10-10,3588.1,3652.17,3647.51,3612.39,0,-0.007492,1,1
108105,2022-10-11,3568.45,3640.66,3595.86,3588.84,0,-0.006519,1,1
108105,2022-10-12,3573.86,3608.34,3590.83,3577.03,0,-0.003291,1,1
108105,2022-10-13,3491.58,3685.41,3520.37,3669.91,0,0.025966,1,1
108105,2022-10-14,3579.68,3712,3690.41,3583.07,0,-0.023663,1,1
108105,2022-10-17,3638.65,3689.73,3638.65,3677.95,0,0.02648,1,1
108105,2022-10-18,3686.53,3762.79,3746.26,3719.98,0,0.011428,1,1
108105,2022-10-19,3666.51,3728.58,3703.11,3695.16,0,-0.006672,1,1
108105,2022-10-20,3656.44,3736,3689.05,3665.78,0,-0.007951,1,1
108105,2022-10-21,3647.42,3757.89,3657.1,3752.75,0,0.023725,1,1
108105,2022-10-24,3741.65,3810.74,3762.01,3797.34,0,0.011882,1,1
108105,2022-10-25,3799.44,3862.85,3799.44,3859.11,0,0.016267,1,1
108105,2022-10-26,3824.07,3886.15,3825.97,3830.6,0,-0.007388,1,1
108105,2022-10-27,3803.79,3859.95,3834.69,3807.3,0,-0.006083,1,1
108105,2022-10-28,3808.26,3905.42,3808.26,3901.06,0,0.024626,1,1
108105,2022-10-31,3863.18,3893.73,3881.85,3871.98,0,-0.007454,1,1
108105,2022-11-01,3843.8,3911.79,3901.79,3856.1,0,-0.004101,1,1
108105,2022-11-02,3758.68,3894.44,3852.9,3759.69,0,-0.025002,1,1
108105,2022-11-03,3698.15,3750.59,3733.25,3719.89,0,-0.010586,1,1
108105,2022-11-04,3708.84,3796.34,3766.98,3770.55,0,0.013619,1,1
108105,2022-11-07,3764.7,3813.95,3780.71,3806.8,0,0.009614,1,1
108105,2022-11-08,3786.28,3859.4,3817.02,3828.11,0,0.005598,1,1
108105,2022-11-09,3744.22,3818.2,3810.94,3748.57,0,-0.020778,1,1
108105,2022-11-10,3859.89,3958.33,3859.89,3956.37,0,0.055434,1,1
108105,2022-11-11,3944.82,4001.48,3963.72,3992.93,0,0.009241,1,1
108105,2022-11-14,3956.4,4008.97,3977.97,3957.25,0,-0.008936,1,1
108105,2022-11-15,3953.17,4028.84,4006.41,3991.73,0,0.008713,1,1
108105,2022-11-16,3954.34,3983.09,3976.82,3958.79,0,-0.008252,1,1
108105,2022-11-17,3906.54,3954.33,3919.26,3946.56,0,-0.003089,1,1
108105,2022-11-18,3935.98,3979.89,3966.39,3965.34,0,0.004759,1,1
108105,2022-11-21,3933.34,3962,3956.23,3949.94,0,-0.003884,1,1
108105,2022-11-22,3956.88,4005.88,3965.51,4003.58,0,0.01358,1,1
108105,2022-11-23,3998.66,4033.78,4000.3,4027.26,0,0.005915,1,1
108105,2022-11-25,4020.76,4034.02,4023.34,4026.12,0,-0.000283,1,1
108105,2022-11-28,3955.77,4012.27,4005.36,3963.94,0,-0.015444,1,1
108105,2022-11-29,3937.65,3976.77,3964.19,3957.63,0,-0.001592,1,1
108105,2022-11-30,3938.58,4080.11,3957.18,4080.11,0,0.030948,1,1
108105,2022-12-01,4050.87,4100.51,4087.14,4076.57,0,-0.000868,1,1
108105,2022-12-02,4026.63,4080.48,4040.17,4071.7,0,-0.001195,1,1
108105,2022-12-05,3984.49,4052.45,4052.02,3998.84,0,-0.017894,1,1
108105,2022-12-06,3918.39,4001.51,3996.63,3941.26,0,-0.014399,1,1
108105,2022-12-07,3922.68,3957.57,3933.28,3933.92,0,-0.001862,1,1
108105,2022-12-08,3935.83,3974.19,3947.79,3963.51,0,0.007522,1,1
108105,2022-12-09,3933.04,3977.02,3954.17,3934.38,0,-0.00735,1,1
108105,2022-12-12,3935.3,3990.71,3939.29,3990.56,0,0.014279,1,1
108105,2022-12-13,3993.03,4100.96,4069.38,4019.65,0,0.00729,1,1
108105,2022-12-14,3965.65,4053.76,4015.54,3995.32,0,-0.006053,1,1
108105,2022-12-15,3879.45,3958.37,3958.37,3895.75,0,-0.024922,1,1
108105,2022-12-16,3827.91,3890.91,3890.91,3852.36,0,-0.011138,1,1
108105,2022-12-19,3800.04,3854.86,3853.79,3817.66,0,-0.009008,1,1
108105,2022-12-20,3795.62,3838.24,3810.47,3821.62,0,0.001037,1,1
108105,2022-12-21,3839.49,3889.82,3839.49,3878.44,0,0.014868,1,1
108105,2022-12-22,3764.49,3853.26,3853.26,3822.39,0,-0.014452,1,1
108105,2022-12-23,3797.01,3845.8,3815.11,3844.82,0,0.005868,1,1
108105,2022-12-27,3813.22,3846.65,3843.34,3829.25,0,-0.00405,1,1
108105,2022-12-28,3780.78,3848.32,3829.56,3783.22,0,-0.012021,1,1
108105,2022-12-29,3805.45,3858.19,3805.45,3849.28,0,0.017461,1,1
108105,2022-12-30,3800.34,3839.85,3829.06,3839.5,0,-0.002541,1,1
108105,2023-01-03,3794.33,3878.46,3853.29,3824.14,0,-0.004001,1,1
108105,2023-01-04,3815.77,3873.16,3840.36,3852.97,0,0.007539,1,1
108105,2023-01-05,3802.42,3839.74,3839.74,3808.1,0,-0.011646,1,1
108105,2023-01-06,3809.56,3906.19,3823.37,3895.08,0,0.022841,1,1
108105,2023-01-09,3890.42,3950.57,3910.82,3892.09,0,-0.000768,1,1
108105,2023-01-10,3877.29,3919.83,3888.57,3919.25,0,0.006978,1,1
108105,2023-01-11,3928.54,3970.07,3932.35,3969.61,0,0.012849,1,1
108105,2023-01-12,3937.56,3997.76,3977.57,3983.17,0,0.003416,1,1
108105,2023-01-13,3947.67,4003.95,3960.6,3999.09,0,0.003997,1,1
108105,2023-01-17,3984.57,4015.39,3999.28,3990.97,0,-0.00203,1,1
108105,2023-01-18,3926.59,4014.16,4002.25,3928.86,0,-0.015563,1,1
108105,2023-01-19,3885.54,3922.94,3911.84,3898.85,0,-0.007638,1,1
108105,2023-01-20,3897.86,3972.96,3909.04,3972.61,0,0.018918,1,1
108105,2023-01-23,3971.64,4039.31,3978.14,4019.81,0,0.011881,1,1
108105,2023-01-24,3989.79,4023.92,4001.74,4016.95,0,-0.000712,1,1
108105,2023-01-25,3949.06,4019.55,3982.71,4016.22,0,-0.000182,1,1
108105,2023-01-26,4013.29,4061.57,4036.08,4060.43,0,0.011008,1,1
108105,2023-01-27,4048.7,4094.21,4053.72,4070.56,0,0.002495,1,1
108105,2023-01-30,4015.55,4063.85,4049.27,4017.77,0,-0.012969,1,1
108105,2023-01-31,4020.44,4077.16,4020.85,4076.6,0,0.014642,1,1
108105,2023-02-01,4037.2,4148.95,4070.07,4119.21,0,0.010452,1,1
108105,2023-02-02,4141.88,4195.44,4158.68,4179.76,0,0.014699,1,1
108105,2023-02-03,4123.36,4182.36,4136.69,4136.48,0,-0.010355,1,1
108105,2023-02-06,4093.38,4124.63,4119.57,4111.08,0,-0.00614,1,1
108105,2023-02-07,4088.39,4176.54,4105.35,4164,0,0.012873,1,1
108105,2023-02-08,4111.67,4156.85,4153.47,4117.86,0,-0.011081,1,1
108105,2023-02-09,4069.67,4156.23,4144.25,4081.5,0,-0.00883,1,1
108105,2023-02-10,4060.79,4094.36,4068.92,4090.46,0,0.002195,1,1
108105,2023-02-13,4092.67,4138.9,4096.62,4137.29,0,0.011449,1,1
108105,2023-02-14,4095.01,4159.77,4126.7,4136.13,0,-0.00028,1,1
108105,2023-02-15,4103.98,4148.11,4119.5,4147.6,0,0.002773,1,1
108105,2023-02-16,4089.49,4136.54,4114.75,4090.41,0,-0.013789,1,1
108105,2023-02-17,4047.95,4081.51,4077.39,4079.09,0,-0.002767,1,1
108105,2023-02-21,3995.19,4052.35,4052.35,3997.34,0,-0.020041,1,1
108105,2023-02-22,3976.9,4017.37,4001.83,3991.05,0,-0.001574,1,1
108105,2023-02-23,3969.19,4028.3,4018.6,4012.32,0,0.005329,1,1
108105,2023-02-24,3943.08,3978.25,3973.24,3970.04,0,-0.010538,1,1
108105,2023-02-27,3973.55,4018.05,3992.36,3982.24,0,0.003073,1,1
108105,2023-02-28,3968.98,3997.5,3977.19,3970.15,0,-0.003036,1,1
108105,2023-03-01,3939.05,3971.73,3963.34,3951.39,0,-0.004725,1,1
108105,2023-03-02,3928.16,3990.84,3938.68,3981.35,0,0.007582,1,1
108105,2023-03-03,3995.17,4048.29,3998.02,4045.64,0,0.016148,1,1
108105,2023-03-06,4044.61,4078.49,4055.15,4048.42,0,0.000687,1,1
108105,2023-03-07,3980.31,4050,4048.26,3986.37,0,-0.015327,1,1
108105,2023-03-08,3969.76,4000.41,3987.55,3992.01,0,0.001415,1,1
108105,2023-03-09,3908.7,4017.81,3998.66,3918.32,0,-0.018459,1,1
108105,2023-03-10,3846.32,3934.05,3912.77,3861.59,0,-0.014478,1,1
108105,2023-03-13,3808.86,3905.05,3835.12,3855.76,0,-0.00151,1,1
108105,2023-03-14,3873.63,3937.29,3894.01,3919.29,0,0.016477,1,1
108105,2023-03-15,3838.24,3894.26,3876.74,3891.93,0,-0.006981,1,1
108105,2023-03-16,3864.11,3964.46,3878.93,3960.28,0,0.017562,1,1
108105,2023-03-17,3901.27,3958.91,3958.69,3916.64,0,-0.011019,1,1
108105,2023-03-20,3916.89,3956.62,3917.47,3951.57,0,0.008918,1,1
108105,2023-03-21,3971.19,4009.08,3975.89,4002.87,0,0.012982,1,1
108105,2023-03-22,3936.17,4039.49,4002.04,3936.97,0,-0.016463,1,1
108105,2023-03-23,3919.05,4007.66,3959.21,3948.72,0,0.002985,1,1
108105,2023-03-24,3909.16,3972.74,3939.21,3970.99,0,0.00564,1,1
108105,2023-03-27,3970.49,4003.83,3982.93,3977.53,0,0.001647,1,1
108105,2023-03-28,3951.53,3979.2,3974.13,3971.27,0,-0.001574,1,1
108105,2023-03-29,3999.53,4030.59,3999.53,4027.81,0,0.014237,1,1
108105,2023-03-30,4032.1,4057.85,4046.74,4050.83,0,0.005715,1,1
108105,2023-03-31,4056.18,4110.75,4056.18,4109.31,0,0.014437,1,1
108105,2023-04-03,4098.79,4127.66,4102.2,4124.51,0,0.003699,1,1
108105,2023-04-04,4086.87,4133.13,4128.03,4100.6,0,-0.005797,1,1
108105,2023-04-05,4072.56,4099.69,4094.5,4090.38,0,-0.002492,1,1
108105,2023-04-06,4069.84,4107.32,4081.15,4105.02,0,0.003579,1,1
108105,2023-04-10,4072.55,4109.5,4085.2,4109.11,0,0.000996,1,1
108105,2023-04-11,4102.61,4124.26,4110.29,4108.94,0,-0.000041,1,1
108105,2023-04-12,4086.94,4134.37,4121.72,4091.95,0,-0.004135,1,1
108105,2023-04-13,4099.4,4150.26,4100.04,4146.22,0,0.013263,1,1
108105,2023-04-14,4113.2,4163.19,4140.11,4137.64,0,-0.002069,1,1
108105,2023-04-17,4123.18,4151.72,4137.17,4151.32,0,0.003306,1,1
108105,2023-04-18,4140.36,4169.48,4164.26,4154.87,0,0.000855,1,1
108105,2023-04-19,4134.49,4162.57,4139.33,4154.52,0,-0.000084,1,1
108105,2023-04-20,4114.57,4148.57,4130.48,4129.79,0,-0.005953,1,1
108105,2023-04-21,4113.86,4138.02,4132.14,4133.52,0,0.000903,1,1
108105,2023-04-24,4117.77,4142.41,4132.07,4137.04,0,0.000852,1,1
108105,2023-04-25,4071.38,4126.43,4126.43,4071.63,0,-0.015811,1,1
108105,2023-04-26,4049.35,4089.67,4087.78,4055.99,0,-0.003841,1,1
108105,2023-04-27,4075.29,4138.24,4075.29,4135.35,0,0.019566,1,1
108105,2023-04-28,4127.18,4170.06,4129.63,4169.48,0,0.008253,1,1
108105,2023-05-01,4164.12,4186.92,4166.79,4167.87,0,-0.000386,1,1
108105,2023-05-02,4089.72,4164.1,4164.1,4119.58,0,-0.011586,1,1
108105,2023-05-03,4088.86,4148.3,4122.25,4090.75,0,-0.006998,1,1
108105,2023-05-04,4048.28,4082.61,4082.55,4061.22,0,-0.007219,1,1
108105,2023-05-05,4084.73,4147.02,4084.73,4136.25,0,0.018475,1,1
108105,2023-05-08,4123.81,4142.3,4136.98,4138.12,0,0.000452,1,1
108105,2023-05-09,4116.65,4130.35,4124.25,4119.17,0,-0.004579,1,1
108105,2023-05-10,4098.92,4154.28,4143.74,4137.64,0,0.004484,1,1
108105,2023-05-11,4109.29,4132.8,4132.24,4130.62,0,-0.001697,1,1
108105,2023-05-12,4099.12,4143.74,4138.54,4124.08,0,-0.001583,1,1
108105,2023-05-15,4110.27,4141.25,4126.65,4136.28,0,0.002958,1,1
108105,2023-05-16,4109.86,4135.54,4127.95,4109.9,0,-0.006378,1,1
108105,2023-05-17,4113.62,4164.67,4122.85,4158.77,0,0.011891,1,1
108105,2023-05-18,4153.5,4202.2,4157.68,4198.05,0,0.009445,1,1
108105,2023-05-19,4180.2,4212.91,4204.15,4191.98,0,-0.001446,1,1
108105,2023-05-22,4179.68,4209.22,4190.78,4192.63,0,0.000155,1,1
108105,2023-05-23,4142.54,4185.68,4176.8,4145.58,0,-0.011222,1,1
108105,2023-05-24,4103.98,4132.96,4132.96,4115.24,0,-0.007319,1,1
108105,2023-05-25,4129.73,4165.74,4155.71,4151.28,0,0.008758,1,1
108105,2023-05-26,4156.16,4212.87,4156.16,4205.45,0,0.013049,1,1
108105,2023-05-30,4192.18,4231.1,4226.71,4205.52,0,0.000017,1,1
108105,2023-05-31,4166.15,4195.44,4190.74,4179.83,0,-0.006109,1,1
108105,2023-06-01,4171.64,4232.43,4183.03,4221.02,0,0.009854,1,1
108105,2023-06-02,4241.01,4290.67,4241.01,4282.37,0,0.014534,1,1
108105,2023-06-05,4266.82,4299.28,4282.99,4273.79,0,-0.002004,1,1
108105,2023-06-06,4263.09,4288.33,4271.34,4283.85,0,0.002354,1,1
108105,2023-06-07,4263.96,4299.19,4285.47,4267.52,0,-0.003812,1,1
108105,2023-06-08,4261.07,4298.01,4268.69,4293.93,0,0.006189,1,1
108105,2023-06-09,4291.7,4322.62,4304.88,4298.86,0,0.001148,1,1
108105,2023-06-12,4304.37,4340.13,4308.32,4338.93,0,0.009321,1,1
108105,2023-06-13,4349.31,4375.37,4352.61,4369.01,0,0.006932,1,1
108105,2023-06-14,4337.85,4391.82,4366.29,4372.59,0,0.000819,1,1
108105,2023-06-15,4362.6,4439.2,4365.33,4425.84,0,0.012178,1,1
108105,2023-06-16,4407.44,4448.47,4440.95,4409.59,0,-0.003672,1,1
108105,2023-06-20,4367.19,4400.15,4396.11,4388.71,0,-0.004735,1,1
108105,2023-06-21,4360.14,4386.22,4380.01,4365.69,0,-0.005245,1,1
108105,2023-06-22,4351.82,4382.25,4355.4,4381.89,0,0.003711,1,1
108105,2023-06-23,4341.34,4366.55,4354.17,4348.33,0,-0.007659,1,1
108105,2023-06-26,4328.08,4362.06,4344.84,4328.82,0,-0.004487,1,1
108105,2023-06-27,4335,4384.42,4337.36,4378.41,0,0.011456,1,1
108105,2023-06-28,4360.22,4390.35,4367.48,4376.86,0,-0.000354,1,1
108105,2023-06-29,4371.97,4398.39,4374.94,4396.44,0,0.004474,1,1
108105,2023-06-30,4422.44,4458.48,4422.44,4450.38,0,0.012269,1,1
108105,2023-07-03,4442.29,4456.46,4450.48,4455.59,0,0.001171,1,1
108105,2023-07-05,4436.61,4454.06,4442.04,4446.82,0,-0.001968,1,1
108105,2023-07-06,4385.05,4422.62,4422.62,4411.59,0,-0.007923,1,1
108105,2023-07-07,4397.4,4440.39,4404.54,4398.95,0,-0.002865,1,1
108105,2023-07-10,4389.92,4412.6,4394.23,4409.53,0,0.002405,1,1
108105,2023-07-11,4408.46,4443.64,4415.55,4439.26,0,0.006742,1,1
108105,2023-07-12,4463.23,4488.34,4467.69,4472.16,0,0.007411,1,1
108105,2023-07-13,4489.36,4517.38,4491.5,4510.04,0,0.00847,1,1
108105,2023-07-14,4499.56,4527.76,4514.61,4505.42,0,-0.001024,1,1
108105,2023-07-17,4504.9,4532.85,4508.86,4522.79,0,0.003855,1,1
108105,2023-07-18,4514.59,4562.3,4521.78,4554.98,0,0.007117,1,1
108105,2023-07-19,4557.48,4578.43,4563.87,4565.72,0,0.002358,1,1
108105,2023-07-20,4527.56,4564.74,4554.38,4534.87,0,-0.006757,1,1
108105,2023-07-21,4535.79,4555,4550.16,4536.34,0,0.000324,1,1
108105,2023-07-24,4541.29,4563.41,4543.39,4554.64,0,0.004034,1,1
108105,2023-07-25,4552.42,4580.62,4555.19,4567.46,0,0.002815,1,1
108105,2023-07-26,4547.58,4582.47,4558.96,4566.75,0,-0.000155,1,1
108105,2023-07-27,4528.56,4607.07,4598.26,4537.41,0,-0.006425,1,1
108105,2023-07-28,4564.01,4590.16,4565.75,4582.23,0,0.009878,1,1
108105,2023-07-31,4573.14,4594.22,4584.82,4588.96,0,0.001469,1,1
108105,2023-08-01,4567.53,4584.62,4578.83,4576.73,0,-0.002665,1,1
108105,2023-08-02,4505.75,4550.93,4550.93,4513.39,0,-0.01384,1,1
108105,2023-08-03,4485.54,4519.49,4494.27,4501.89,0,-0.002548,1,1
108105,2023-08-04,4474.55,4540.34,4513.96,4478.03,0,-0.0053,1,1
108105,2023-08-07,4491.15,4519.84,4491.58,4518.44,0,0.009024,1,1
108105,2023-08-08,4464.39,4503.31,4498.03,4499.38,0,-0.004218,1,1
108105,2023-08-09,4461.33,4502.44,4501.57,4467.71,0,-0.007039,1,1
108105,2023-08-10,4457.92,4527.37,4487.16,4468.83,0,0.000251,1,1
108105,2023-08-11,4443.98,4476.23,4450.69,4464.05,0,-0.00107,1,1
108105,2023-08-14,4453.44,4490.33,4458.13,4489.72,0,0.00575,1,1
108105,2023-08-15,4432.19,4478.87,4478.87,4437.86,0,-0.011551,1,1
108105,2023-08-16,4403.55,4449.95,4433.79,4404.33,0,-0.007555,1,1
108105,2023-08-17,4364.83,4421.17,4416.32,4370.36,0,-0.007713,1,1
108105,2023-08-18,4335.31,4381.82,4344.88,4369.71,0,-0.000149,1,1
108105,2023-08-21,4360.3,4407.55,4380.28,4399.77,0,0.006879,1,1
108105,2023-08-22,4382.77,4418.59,4415.33,4387.55,0,-0.002777,1,1
108105,2023-08-23,4396.44,4443.18,4396.44,4436.01,0,0.011045,1,1
108105,2023-08-24,4375.55,4458.3,4455.16,4376.31,0,-0.013458,1,1
108105,2023-08-25,4356.29,4418.46,4389.38,4405.71,0,0.006718,1,1
108105,2023-08-28,4414.98,4439.56,4426.03,4433.31,0,0.006265,1,1
108105,2023-08-29,4431.68,4500.14,4432.75,4497.63,0,0.014508,1,1
108105,2023-08-30,4493.59,4521.65,4500.34,4514.87,0,0.003833,1,1
108105,2023-08-31,4507.39,4532.26,4517.01,4507.66,0,-0.001597,1,1
108105,2023-09-01,4501.35,4541.25,4530.6,4515.77,0,0.001799,1,1
108105,2023-09-05,4496.01,4514.29,4510.06,4496.83,0,-0.004194,1,1
108105,2023-09-06,4442.38,4490.35,4490.35,4465.48,0,-0.006972,1,1
108105,2023-09-07,4430.46,4457.81,4434.55,4451.14,0,-0.003211,1,1
108105,2023-09-08,4448.38,4473.53,4451.3,4457.49,0,0.001427,1,1
108105,2023-09-11,4467.89,4490.77,4480.98,4487.46,0,0.006723,1,1
108105,2023-09-12,4456.83,4487.11,4473.27,4461.9,0,-0.005696,1,1
108105,2023-09-13,4453.52,4479.39,4462.65,4467.44,0,0.001242,1,1
108105,2023-09-14,4478.69,4511.99,4487.78,4505.1,0,0.00843,1,1
108105,2023-09-15,4447.21,4497.98,4497.98,4450.32,0,-0.01216,1,1
108105,2023-09-18,4442.11,4466.36,4445.13,4453.53,0,0.000721,1,1
108105,2023-09-19,4416.61,4449.85,4445.41,4443.95,0,-0.002151,1,1
108105,2023-09-20,4401.38,4461.03,4452.81,4402.2,0,-0.009395,1,1
108105,2023-09-21,4329.17,4375.7,4374.36,4330,0,-0.016401,1,1
108105,2023-09-22,4316.49,4357.4,4341.74,4320.06,0,-0.002296,1,1
108105,2023-09-25,4302.7,4338.51,4310.62,4337.44,0,0.004023,1,1
108105,2023-09-26,4265.98,4313.01,4312.88,4273.53,0,-0.014735,1,1
108105,2023-09-27,4238.63,4292.07,4282.63,4274.51,0,0.000229,1,1
108105,2023-09-28,4264.38,4317.27,4269.65,4299.7,0,0.005893,1,1
108105,2023-09-29,4274.86,4333.15,4328.18,4288.05,0,-0.00271,1,1
108105,2023-10-02,4260.21,4300.58,4284.52,4288.39,0,0.000079,1,1
108105,2023-10-03,4216.45,4281.15,4269.75,4229.45,0,-0.013744,1,1
108105,2023-10-04,4220.48,4268.5,4233.83,4263.75,0,0.00811,1,1
108105,2023-10-05,4225.91,4267.13,4259.31,4258.19,0,-0.001304,1,1
108105,2023-10-06,4219.55,4324.1,4234.79,4308.5,0,0.011815,1,1
108105,2023-10-09,4283.79,4341.73,4289.02,4335.66,0,0.006304,1,1
108105,2023-10-10,4339.64,4385.46,4339.75,4358.24,0,0.005208,1,1
108105,2023-10-11,4345.34,4378.64,4366.59,4376.95,0,0.004293,1,1
108105,2023-10-12,4325.43,4385.85,4380.94,4349.61,0,-0.006246,1,1
108105,2023-10-13,4311.97,4377.1,4360.49,4327.78,0,-0.005019,1,1
108105,2023-10-16,4342.37,4383.33,4342.37,4373.63,0,0.010594,1,1
108105,2023-10-17,4337.54,4393.57,4345.23,4373.2,0,-0.000098,1,1
108105,2023-10-18,4303.84,4364.2,4357.35,4314.6,0,-0.0134,1,1
108105,2023-10-19,4269.69,4339.54,4321.36,4278,0,-0.008483,1,1
108105,2023-10-20,4223.03,4276.56,4273.85,4224.16,0,-0.012585,1,1
108105,2023-10-23,4189.22,4255.84,4210.4,4217.04,0,-0.001686,1,1
108105,2023-10-24,4219.43,4259.38,4235.79,4247.68,0,0.007266,1,1
108105,2023-10-25,4181.42,4232.42,4232.42,4186.77,0,-0.01434,1,1
108105,2023-10-26,4127.9,4183.6,4175.99,4137.23,0,-0.011833,1,1
108105,2023-10-27,4103.78,4156.7,4152.93,4117.37,0,-0.0048,1,1
108105,2023-10-30,4132.94,4177.47,4139.39,4166.82,0,0.01201,1,1
108105,2023-10-31,4153.12,4195.55,4171.33,4193.8,0,0.006475,1,1
108105,2023-11-01,4197.74,4245.64,4201.27,4237.86,0,0.010506,1,1
108105,2023-11-02,4268.26,4319.72,4268.26,4317.78,0,0.018859,1,1
108105,2023-11-03,4334.23,4373.62,4334.23,4358.34,0,0.009394,1,1
108105,2023-11-06,4347.53,4372.21,4364.27,4365.98,0,0.001753,1,1
108105,2023-11-07,4355.41,4386.26,4366.21,4378.38,0,0.00284,1,1
108105,2023-11-08,4359.76,4391.2,4384.37,4382.78,0,0.001005,1,1
108105,2023-11-09,4343.94,4393.4,4391.41,4347.35,0,-0.008084,1,1
108105,2023-11-10,4353.34,4418.03,4364.15,4415.24,0,0.015616,1,1
108105,2023-11-13,4393.82,4421.76,4406.66,4411.55,0,-0.000836,1,1
108105,2023-11-14,4458.97,4508.67,4458.97,4495.7,0,0.019075,1,1
108105,2023-11-15,4495.31,4521.17,4505.3,4502.88,0,0.001597,1,1
108105,2023-11-16,4487.83,4511.99,4497.08,4508.24,0,0.00119,1,1
108105,2023-11-17,4499.66,4520.12,4509.55,4514.02,0,0.001282,1,1
108105,2023-11-20,4510.36,4557.11,4511.7,4547.38,0,0.00739,1,1
108105,2023-11-21,4525.51,4542.14,4538.77,4538.19,0,-0.002021,1,1
108105,2023-11-22,4545.05,4568.43,4553.04,4556.62,0,0.004061,1,1
108105,2023-11-24,4552.8,4560.31,4555.84,4559.34,0,0.000597,1,1
108105,2023-11-27,4546.32,4560.52,4554.86,4550.43,0,-0.001954,1,1
108105,2023-11-28,4540.51,4568.14,4545.55,4554.89,0,0.00098,1,1
108105,2023-11-29,4547.15,4587.64,4571.84,4550.58,0,-0.000946,1,1
108105,2023-11-30,4537.24,4569.89,4554.87,4567.8,0,0.003784,1,1
108105,2023-12-01,4554.71,4599.39,4559.43,4594.63,0,0.005874,1,1
108105,2023-12-04,4546.72,4572.37,4564.37,4569.78,0,-0.005409,1,1
108105,2023-12-05,4551.68,4578.56,4557.25,4567.18,0,-0.000569,1,1
108105,2023-12-06,4546.5,4590.74,4586.23,4549.34,0,-0.003906,1,1
108105,2023-12-07,4565.22,4590.92,4568.84,4585.59,0,0.007968,1,1
108105,2023-12-08,4574.06,4609.23,4576.2,4604.37,0,0.004095,1,1
108105,2023-12-11,4593.39,4623.71,4593.39,4622.44,0,0.003924,1,1
108105,2023-12-12,4608.09,4643.93,4618.3,4643.7,0,0.004599,1,1
108105,2023-12-13,4643.23,4709.69,4646.2,4707.09,0,0.013651,1,1
108105,2023-12-14,4694.34,4738.57,4721.04,4719.55,0,0.002647,1,1
108105,2023-12-15,4704.69,4725.53,4714.23,4719.19,0,-0.000076,1,1
108105,2023-12-18,4725.58,4749.52,4725.58,4740.56,0,0.004528,1,1
108105,2023-12-19,4743.72,4768.69,4743.72,4768.37,0,0.005866,1,1
108105,2023-12-20,4697.82,4778.01,4764.73,4698.35,0,-0.014684,1,1
108105,2023-12-21,4708.35,4748.71,4724.29,4746.75,0,0.010301,1,1
108105,2023-12-22,4736.77,4772.94,4753.92,4754.63,0,0.00166,1,1
108105,2023-12-26,4758.45,4784.72,4758.86,4774.75,0,0.004232,1,1
108105,2023-12-27,4768.9,4785.39,4773.45,4781.58,0,0.00143,1,1
108105,2023-12-28,4780.98,4793.3,4786.44,4783.35,0,0.00037,1,1
108105,2023-12-29,4751.99,4788.43,4782.88,4769.83,0,-0.002826,1,1
108105,2024-01-02,4722.67,4754.33,4745.2,4742.83,0,-0.005661,1,1
108105,2024-01-03,4699.71,4729.29,4725.07,4704.81,0,-0.008016,1,1
108105,2024-01-04,4687.53,4726.78,4697.42,4688.68,0,-0.003428,1,1
108105,2024-01-05,4682.11,4721.49,4690.57,4697.24,0,0.001826,1,1
108105,2024-01-08,4699.82,4764.54,4703.7,4763.54,0,0.014115,1,1
108105,2024-01-09,4730.35,4765.47,4741.93,4756.5,0,-0.001478,1,1
108105,2024-01-10,4756.2,4790.8,4759.94,4783.45,0,0.005666,1,1
108105,2024-01-11,4739.58,4798.5,4792.13,4780.24,0,-0.000671,1,1
108105,2024-01-12,4768.98,4802.4,4791.18,4783.83,0,0.000751,1,1
108105,2024-01-16,4747.12,4782.34,4772.35,4765.98,0,-0.003731,1,1
108105,2024-01-17,4714.82,4744.23,4739.13,4739.21,0,-0.005617,1,1
108105,2024-01-18,4740.57,4785.79,4760.1,4780.94,0,0.008805,1,1
108105,2024-01-19,4785.87,4842.07,4796.28,4839.81,0,0.012314,1,1
108105,2024-01-22,4844.05,4868.41,4853.42,4850.43,0,0.002194,1,1
108105,2024-01-23,4844.37,4866.48,4856.8,4864.6,0,0.002921,1,1
108105,2024-01-24,4865.94,4903.68,4888.56,4868.55,0,0.000812,1,1
108105,2024-01-25,4869.34,4898.15,4886.66,4894.16,0,0.00526,1,1
108105,2024-01-26,4881.47,4906.69,4888.91,4890.97,0,-0.000652,1,1
108105,2024-01-29,4887.4,4929.31,4892.95,4927.93,0,0.007557,1,1
108105,2024-01-30,4916.27,4931.09,4925.89,4924.97,0,-0.000601,1,1
108105,2024-01-31,4845.15,4906.75,4899.19,4845.65,0,-0.016106,1,1
108105,2024-02-01,4853.52,4906.97,4861.11,4906.19,0,0.012494,1,1
108105,2024-02-02,4907.99,4975.29,4916.06,4958.61,0,0.010684,1,1
108105,2024-02-05,4918.09,4957.19,4957.19,4942.81,0,-0.003186,1,1
108105,2024-02-06,4934.88,4957.77,4950.16,4954.23,0,0.00231,1,1
108105,2024-02-07,4969.05,4999.89,4973.05,4995.06,0,0.008241,1,1
108105,2024-02-08,4987.09,5000.4,4995.16,4997.91,0,0.000571,1,1
108105,2024-02-09,5000.34,5030.06,5004.17,5026.61,0,0.005742,1,1
108105,2024-02-12,5016.83,5048.39,5026.83,5021.84,0,-0.000949,1,1
108105,2024-02-13,4920.31,4971.3,4967.94,4953.17,0,-0.013674,1,1
108105,2024-02-14,4956.45,5002.52,4976.44,5000.62,0,0.00958,1,1
108105,2024-02-15,4999.44,5032.72,5003.14,5029.73,0,0.005821,1,1
108105,2024-02-16,4999.52,5038.7,5031.13,5005.57,0,-0.004803,1,1
108105,2024-02-20,4955.02,4993.71,4989.32,4975.51,0,-0.006005,1,1
108105,2024-02-21,4946,4983.21,4963.03,4981.8,0,0.001264,1,1
108105,2024-02-22,5038.83,5094.39,5038.83,5087.03,0,0.021123,1,1
108105,2024-02-23,5081.46,5111.06,5100.92,5088.8,0,0.000348,1,1
108105,2024-02-26,5068.91,5097.66,5093,5069.53,0,-0.003787,1,1
108105,2024-02-27,5057.29,5080.69,5074.6,5078.18,0,0.001706,1,1
108105,2024-02-28,5058.35,5077.37,5067.2,5069.76,0,-0.001658,1,1
108105,2024-02-29,5061.89,5104.99,5085.36,5096.27,0,0.005229,1,1
108105,2024-03-01,5094.16,5140.33,5098.51,5137.08,0,0.008008,1,1
108105,2024-03-04,5127.18,5149.67,5130.99,5130.95,0,-0.001193,1,1
108105,2024-03-05,5056.82,5114.54,5110.52,5078.65,0,-0.010193,1,1
108105,2024-03-06,5092.22,5127.97,5108.03,5104.76,0,0.005141,1,1
108105,2024-03-07,5128.21,5165.62,5132.38,5157.36,0,0.010304,1,1
108105,2024-03-08,5117.5,5189.26,5164.46,5123.69,0,-0.006529,1,1
108105,2024-03-11,5091.14,5124.66,5111.96,5117.94,0,-0.001122,1,1
108105,2024-03-12,5114.48,5179.87,5134.3,5175.27,0,0.011202,1,1
108105,2024-03-13,5151.88,5179.14,5173.49,5165.31,0,-0.001925,1,1
108105,2024-03-14,5123.3,5176.85,5175.14,5150.48,0,-0.002871,1,1
108105,2024-03-15,5104.35,5136.86,5123.31,5117.09,0,-0.006483,1,1
108105,2024-03-18,5145.47,5175.6,5154.77,5149.42,0,0.006318,1,1
108105,2024-03-19,5131.59,5180.31,5139.09,5178.51,0,0.005649,1,1
108105,2024-03-20,5171.55,5226.19,5181.69,5224.62,0,0.008904,1,1
108105,2024-03-21,5240.66,5261.1,5253.43,5241.53,0,0.003237,1,1
108105,2024-03-22,5229.87,5246.09,5242.48,5234.18,0,-0.001402,1,1
108105,2024-03-25,5216.09,5229.09,5219.52,5218.19,0,-0.003055,1,1
108105,2024-03-26,5203.42,5235.16,5228.85,5203.58,0,-0.0028,1,1
108105,2024-03-27,5213.92,5249.26,5226.31,5248.49,0,0.008631,1,1
108105,2024-03-28,5245.82,5264.85,5248.03,5254.35,0,0.001116,1,1
108105,2024-04-01,5229.2,5263.95,5257.97,5243.77,0,-0.002014,1,1
108105,2024-04-02,5184.05,5208.34,5204.29,5205.81,0,-0.007239,1,1
108105,2024-04-03,5194.37,5228.75,5194.37,5211.49,0,0.001091,1,1
108105,2024-04-04,5146.06,5256.59,5244.05,5147.21,0,-0.012334,1,1
108105,2024-04-05,5157.21,5222.18,5158.95,5204.34,0,0.011099,1,1
108105,2024-04-08,5197.35,5219.57,5211.37,5202.39,0,-0.000375,1,1
108105,2024-04-09,5160.78,5224.81,5217.03,5209.91,0,0.001445,1,1
108105,2024-04-10,5138.7,5178.43,5167.88,5160.64,0,-0.009457,1,1
108105,2024-04-11,5138.77,5211.78,5172.95,5199.06,0,0.007445,1,1
108105,2024-04-12,5107.94,5175.03,5171.51,5123.41,0,-0.014551,1,1
108105,2024-04-15,5052.47,5168.43,5149.67,5061.82,0,-0.012021,1,1
108105,2024-04-16,5039.83,5079.84,5064.59,5051.41,0,-0.002057,1,1
108105,2024-04-17,5007.25,5077.96,5068.97,5022.21,0,-0.005781,1,1
108105,2024-04-18,5001.89,5056.66,5031.52,5011.12,0,-0.002208,1,1
108105,2024-04-19,4953.56,5019.02,5005.44,4967.23,0,-0.008759,1,1
108105,2024-04-22,4969.4,5038.84,4987.33,5010.6,0,0.008731,1,1
108105,2024-04-23,5027.96,5076.12,5028.85,5070.55,0,0.011965,1,1
108105,2024-04-24,5047.02,5089.48,5084.86,5071.63,0,0.000213,1,1
108105,2024-04-25,4990.58,5057.75,5019.88,5048.42,0,-0.004576,1,1
108105,2024-04-26,5073.14,5114.62,5084.65,5099.96,0,0.010209,1,1
108105,2024-04-29,5088.65,5123.49,5114.13,5116.17,0,0.003178,1,1
108105,2024-04-30,5035.31,5110.83,5103.78,5035.69,0,-0.015731,1,1
108105,2024-05-01,5013.45,5096.12,5029.03,5018.39,0,-0.003435,1,1
108105,2024-05-02,5011.05,5073.21,5049.32,5064.2,0,0.009128,1,1
108105,2024-05-03,5101.22,5139.12,5122.78,5127.79,0,0.012557,1,1
108105,2024-05-06,5142.42,5181,5142.42,5180.74,0,0.010326,1,1
108105,2024-05-07,5178.96,5200.23,5187.2,5187.7,0,0.001343,1,1
108105,2024-05-08,5165.86,5191.95,5168.98,5187.67,0,-6E-6,1,1
108105,2024-05-09,5180.41,5215.3,5189.03,5214.08,0,0.005091,1,1
108105,2024-05-10,5209.68,5239.66,5225.49,5222.68,0,0.001649,1,1
108105,2024-05-13,5211.16,5237.26,5233.08,5221.42,0,-0.000241,1,1
108105,2024-05-14,5217.98,5250.37,5221.1,5246.68,0,0.004838,1,1
108105,2024-05-15,5263.26,5311.76,5263.26,5308.15,0,0.011716,1,1
108105,2024-05-16,5296.19,5325.49,5310.07,5297.1,0,-0.002082,1,1
108105,2024-05-17,5283.59,5305.45,5303.1,5303.27,0,0.001165,1,1
108105,2024-05-20,5302.4,5325.32,5305.35,5308.13,0,0.000916,1,1
108105,2024-05-21,5297.87,5324.32,5298.69,5321.41,0,0.002502,1,1
108105,2024-05-22,5286.01,5323.18,5319.28,5307.01,0,-0.002706,1,1
108105,2024-05-23,5256.93,5341.88,5340.26,5267.84,0,-0.007381,1,1
108105,2024-05-24,5278.39,5311.65,5281.45,5304.72,0,0.007001,1,1
108105,2024-05-28,5280.89,5315.91,5315.91,5306.04,0,0.000249,1,1
108105,2024-05-29,5262.7,5282.27,5278.73,5266.95,0,-0.007367,1,1
108105,2024-05-30,5222.1,5260.21,5259.77,5235.48,0,-0.005975,1,1
108105,2024-05-31,5191.68,5280.33,5243.21,5277.51,0,0.008028,1,1
108105,2024-06-03,5234.32,5302.11,5297.15,5283.4,0,0.001116,1,1
108105,2024-06-04,5257.63,5298.8,5278.24,5291.34,0,0.001503,1,1
108105,2024-06-05,5297.64,5354.16,5314.48,5354.03,0,0.011848,1,1
108105,2024-06-06,5335.36,5362.35,5357.8,5352.96,0,-0.0002,1,1
108105,2024-06-07,5331.33,5375.08,5343.81,5346.99,0,-0.001115,1,1
108105,2024-06-10,5331.52,5365.79,5341.22,5360.79,0,0.002581,1,1
108105,2024-06-11,5327.25,5375.95,5353,5375.32,0,0.00271,1,1
108105,2024-06-12,5409.13,5447.25,5409.13,5421.03,0,0.008504,1,1
108105,2024-06-13,5402.51,5441.93,5441.93,5433.74,0,0.002345,1,1
108105,2024-06-14,5403.75,5432.39,5424.08,5431.6,0,-0.000394,1,1
108105,2024-06-17,5420.4,5488.5,5431.11,5473.23,0,0.007664,1,1
108105,2024-06-18,5471.32,5490.38,5476.15,5487.03,0,0.002521,1,1
108105,2024-06-20,5455.56,5505.53,5499.99,5473.17,0,-0.002526,1,1
108105,2024-06-21,5452.03,5478.31,5466.77,5464.62,0,-0.001562,1,1
108105,2024-06-24,5447.59,5490.66,5459.58,5447.87,0,-0.003065,1,1
108105,2024-06-25,5446.56,5472.88,5460.73,5469.3,0,0.003934,1,1
108105,2024-06-26,5451.87,5483.14,5460.71,5477.9,0,0.001572,1,1
108105,2024-06-27,5467.54,5490.81,5473.59,5482.87,0,0.000907,1,1
108105,2024-06-28,5451.12,5523.64,5488.48,5460.48,0,-0.004084,1,1
108105,2024-07-01,5446.53,5479.55,5471.08,5475.09,0,0.002676,1,1
108105,2024-07-02,5458.43,5509.69,5461.84,5509.01,0,0.006195,1,1
108105,2024-07-03,5507.42,5539.27,5507.44,5537.02,0,0.005084,1,1
108105,2024-07-05,5531.63,5570.33,5537.91,5567.19,0,0.005449,1,1
108105,2024-07-08,5562.51,5583.11,5572.75,5572.85,0,0.001017,1,1
108105,2024-07-09,5574.57,5590.75,5584.24,5576.98,0,0.000741,1,1
108105,2024-07-10,5586.44,5635.39,5591.26,5633.91,0,0.010208,1,1
108105,2024-07-11,5576.53,5642.45,5635.21,5584.54,0,-0.008763,1,1
108105,2024-07-12,5590.44,5655.56,5590.76,5615.35,0,0.005517,1,1
108105,2024-07-15,5614.75,5666.94,5638.16,5631.22,0,0.002826,1,1
108105,2024-07-16,5639.02,5669.67,5644.09,5667.2,0,0.006389,1,1
108105,2024-07-17,5584.81,5622.49,5610.07,5588.27,0,-0.013928,1,1
108105,2024-07-18,5522.81,5614.05,5608.56,5544.59,0,-0.007816,1,1
108105,2024-07-19,5497.04,5557.5,5543.37,5505,0,-0.00714,1,1
108105,2024-07-22,5529.04,5570.36,5544.54,5564.41,0,0.010792,1,1
108105,2024-07-23,5550.9,5585.34,5565.3,5555.74,0,-0.001558,1,1
108105,2024-07-24,5419.98,5508.04,5505.84,5427.13,0,-0.023149,1,1
108105,2024-07-25,5390.95,5491.59,5428.7,5399.22,0,-0.005143,1,1
108105,2024-07-26,5430.7,5488.32,5433.67,5459.1,0,0.01109,1,1
108105,2024-07-29,5444.44,5487.74,5476.55,5463.54,0,0.000813,1,1
108105,2024-07-30,5401.7,5489.46,5478.73,5436.44,0,-0.00496,1,1
108105,2024-07-31,5493.75,5551.51,5505.59,5522.3,0,0.015793,1,1
108105,2024-08-01,5410.42,5566.16,5537.84,5446.68,0,-0.013694,1,1
108105,2024-08-02,5302.03,5383.89,5376.63,5346.56,0,-0.018382,1,1
108105,2024-08-05,5119.26,5250.89,5151.14,5186.33,0,-0.029969,1,1
108105,2024-08-06,5193.56,5312.34,5206.42,5240.03,0,0.010354,1,1
108105,2024-08-07,5195.54,5330.64,5293.13,5199.5,0,-0.007735,1,1
108105,2024-08-08,5233.85,5328.03,5252.57,5319.31,0,0.023043,1,1
108105,2024-08-09,5300.84,5358.67,5314.66,5344.16,0,0.004672,1,1
108105,2024-08-12,5324.37,5371.2,5351.88,5344.39,0,0.000043,1,1
108105,2024-08-13,5376.98,5436.5,5376.98,5434.43,0,0.016848,1,1
108105,2024-08-14,5415.91,5463.22,5442.36,5455.21,0,0.003824,1,1
108105,2024-08-15,5501.13,5546.23,5501.13,5543.22,0,0.016133,1,1
108105,2024-08-16,5525.17,5561.98,5530.5,5554.25,0,0.00199,1,1
108105,2024-08-19,5550.74,5608.3,5557.23,5608.25,0,0.009722,1,1
108105,2024-08-20,5585.5,5620.51,5602.88,5597.12,0,-0.001985,1,1
108105,2024-08-21,5591.57,5632.68,5603.09,5620.85,0,0.00424,1,1
108105,2024-08-22,5560.95,5643.22,5637.77,5570.64,0,-0.008933,1,1
108105,2024-08-23,5585.16,5641.82,5602.49,5634.61,0,0.011483,1,1
108105,2024-08-26,5602.34,5651.62,5639.66,5616.84,0,-0.003154,1,1
108105,2024-08-27,5593.48,5631.18,5602.89,5625.8,0,0.001595,1,1
108105,2024-08-28,5560.95,5627.03,5624.51,5592.18,0,-0.005976,1,1
108105,2024-08-29,5583.71,5646.95,5607.3,5591.96,0,-0.000039,1,1
108105,2024-08-30,5581.79,5651.37,5612.74,5648.4,0,0.010093,1,1
108105,2024-09-03,5504.33,5623.89,5623.89,5528.93,0,-0.021151,1,1
108105,2024-09-04,5503.66,5552.99,5506.68,5520.07,0,-0.001603,1,1
108105,2024-09-05,5480.54,5546.3,5520.08,5503.41,0,-0.003018,1,1
108105,2024-09-06,5402.62,5522.47,5507.33,5408.42,0,-0.01726,1,1
108105,2024-09-09,5434.49,5484.2,5442.07,5471.05,0,0.01158,1,1
108105,2024-09-10,5441.72,5497.91,5490.51,5495.52,0,0.004473,1,1
108105,2024-09-11,5406.96,5560.41,5496.42,5554.13,0,0.010665,1,1
108105,2024-09-12,5535.5,5600.71,5557.48,5595.76,0,0.007495,1,1
108105,2024-09-13,5601.65,5636.27,5603.34,5626.02,0,0.005408,1,1
108105,2024-09-16,5604.53,5636.05,5615.21,5633.09,0,0.001257,1,1
108105,2024-09-17,5614.05,5670.81,5655.51,5634.58,0,0.000265,1,1
108105,2024-09-18,5615.08,5689.75,5641.68,5618.26,0,-0.002896,1,1
108105,2024-09-19,5686.42,5733.57,5702.63,5713.64,0,0.016977,1,1
108105,2024-09-20,5674.49,5715.14,5709.64,5702.55,0,-0.001941,1,1
108105,2024-09-23,5704.22,5725.36,5711.9,5718.57,0,0.002809,1,1
108105,2024-09-24,5698.99,5735.32,5727.66,5732.93,0,0.002511,1,1
108105,2024-09-25,5712.06,5741.03,5733.65,5722.26,0,-0.001861,1,1
108105,2024-09-26,5721.01,5767.37,5762.22,5745.37,0,0.004039,1,1
108105,2024-09-27,5727.34,5763.78,5755.36,5738.17,0,-0.001253,1,1
108105,2024-09-30,5703.53,5765.14,5726.52,5762.48,0,0.004237,1,1
108105,2024-10-01,5681.28,5757.73,5757.73,5708.75,0,-0.009324,1,1
108105,2024-10-02,5674,5719.63,5698.14,5709.54,0,0.000138,1,1
108105,2024-10-03,5677.37,5718.78,5698.19,5699.94,0,-0.001681,1,1
108105,2024-10-04,5702.83,5753.21,5737.48,5751.07,0,0.00897,1,1
108105,2024-10-07,5686.85,5739.34,5737.8,5695.94,0,-0.009586,1,1
108105,2024-10-08,5714.56,5757.6,5719.14,5751.13,0,0.009689,1,1
108105,2024-10-09,5745.02,5796.8,5751.8,5792.04,0,0.007113,1,1
108105,2024-10-10,5764.76,5795.03,5778.36,5780.05,0,-0.00207,1,1
108105,2024-10-11,5775.09,5822.13,5775.09,5815.03,0,0.006052,1,1
108105,2024-10-14,5829.57,5871.41,5829.81,5859.85,0,0.007708,1,1
108105,2024-10-15,5804.48,5870.36,5866.74,5815.26,0,-0.007609,1,1
108105,2024-10-16,5808.34,5846.52,5816.58,5842.47,0,0.004679,1,1
108105,2024-10-17,5840.25,5878.46,5875.62,5841.47,0,-0.000171,1,1
108105,2024-10-18,5846.11,5872.17,5859.43,5864.67,0,0.003972,1,1
108105,2024-10-21,5824.79,5866.92,5857.82,5853.98,0,-0.001823,1,1
108105,2024-10-22,5821.17,5863.04,5832.7,5851.2,0,-0.000475,1,1
108105,2024-10-23,5762.41,5834.85,5834.5,5797.42,0,-0.009191,1,1
108105,2024-10-24,5784.92,5817.8,5817.8,5809.86,0,0.002146,1,1
108105,2024-10-25,5799.98,5862.82,5826.75,5808.12,0,-0.000299,1,1
108105,2024-10-28,5823.08,5842.92,5833.93,5823.52,0,0.002651,1,1
108105,2024-10-29,5802.17,5847.19,5819.68,5832.92,0,0.001614,1,1
108105,2024-10-30,5811.28,5850.94,5832.65,5813.67,0,-0.0033,1,1
108105,2024-10-31,5702.86,5775.34,5775.34,5705.45,0,-0.018615,1,1
108105,2024-11-01,5723.22,5772.52,5723.22,5728.8,0,0.004093,1,1
108105,2024-11-04,5696.51,5741.43,5725.15,5712.69,0,-0.002812,1,1
108105,2024-11-05,5722.1,5783.44,5722.43,5782.76,0,0.012266,1,1
108105,2024-11-06,5864.89,5936.14,5864.89,5929.04,0,0.025296,1,1
108105,2024-11-07,5947.21,5983.84,5947.21,5973.1,0,0.007431,1,1
108105,2024-11-08,5976.76,6012.45,5976.76,5995.54,0,0.003757,1,1
108105,2024-11-11,5986.69,6017.31,6008.86,6001.35,0,0.000969,1,1
108105,2024-11-12,5960.08,6009.92,6003.6,5983.99,0,-0.002893,1,1
108105,2024-11-13,5965.91,6008.19,5985.75,5985.38,0,0.000232,1,1
108105,2024-11-14,5942.28,5993.88,5989.68,5949.17,0,-0.00605,1,1
108105,2024-11-15,5853.01,5915.32,5912.79,5870.62,0,-0.013203,1,1
108105,2024-11-18,5865.95,5908.12,5874.17,5893.62,0,0.003918,1,1
108105,2024-11-19,5855.29,5923.51,5870.05,5916.98,0,0.003964,1,1
108105,2024-11-20,5860.56,5920.67,5914.34,5917.11,0,0.000022,1,1
108105,2024-11-21,5887.26,5963.32,5940.58,5948.71,0,0.00534,1,1
108105,2024-11-22,5944.36,5972.9,5944.36,5969.34,0,0.003468,1,1
108105,2024-11-25,5963.91,6020.75,5992.28,5987.37,0,0.00302,1,1
108105,2024-11-26,5992.27,6025.42,6000.03,6021.63,0,0.005722,1,1
108105,2024-11-27,5984.87,6020.16,6014.11,5998.74,0,-0.003801,1,1
108105,2024-11-29,6003.98,6044.17,6003.98,6032.38,0,0.005608,1,1
108105,2024-12-02,6035.33,6053.58,6040.11,6047.15,0,0.002448,1,1
108105,2024-12-03,6033.39,6052.07,6042.97,6049.88,0,0.000451,1,1
108105,2024-12-04,6061.06,6089.84,6069.39,6086.49,0,0.006051,1,1
108105,2024-12-05,6072.9,6094.55,6089.03,6075.11,0,-0.00187,1,1
108105,2024-12-06,6079.98,6099.97,6081.38,6090.27,0,0.002495,1,1
108105,2024-12-09,6048.63,6088.51,6083.01,6052.85,0,-0.006144,1,1
108105,2024-12-10,6029.89,6065.4,6057.59,6034.91,0,-0.002964,1,1
108105,2024-12-11,6060.15,6092.59,6060.15,6084.19,0,0.008166,1,1
108105,2024-12-12,6051.25,6079.68,6074.29,6051.25,0,-0.005414,1,1
108105,2024-12-13,6035.77,6078.58,6068.17,6051.09,0,-0.000026,1,1
108105,2024-12-16,6059.14,6085.19,6063.79,6074.08,0,0.003799,1,1
108105,2024-12-17,6035.19,6057.68,6052.55,6050.61,0,-0.003864,1,1
108105,2024-12-18,5867.79,6070.67,6047.65,5872.16,0,-0.029493,1,1
108105,2024-12-19,5866.07,5935.52,5912.71,5867.08,0,-0.000865,1,1
108105,2024-12-20,5832.3,5982.06,5842,5930.85,0,0.010869,1,1
108105,2024-12-23,5902.57,5978.25,5940.25,5974.07,0,0.007287,1,1
108105,2024-12-24,5981.44,6040.1,5984.63,6040.04,0,0.011043,1,1
108105,2024-12-26,6007.37,6049.75,6024.97,6037.59,0,-0.000406,1,1
108105,2024-12-27,5932.95,6006.17,6006.17,5970.84,0,-0.011056,1,1
108105,2024-12-30,5869.16,5940.79,5920.67,5906.94,0,-0.010702,1,1
108105,2024-12-31,5868.86,5929.74,5919.74,5881.63,0,-0.004285,1,1
108105,2025-01-02,5829.53,5935.09,5903.26,5868.55,0,-0.002224,1,1
108105,2025-01-03,5888.66,5949.34,5891.07,5942.47,0,0.012596,1,1
108105,2025-01-06,5960.01,6021.04,5982.81,5975.38,0,0.005538,1,1
108105,2025-01-07,5890.68,6000.68,5993.26,5909.03,0,-0.011104,1,1
108105,2025-01-08,5874.78,5927.89,5910.66,5918.25,0,0.00156,1,1
108105,2025-01-10,5807.78,5890.35,5890.35,5827.04,0,-0.015412,1,1
108105,2025-01-13,5773.31,5838.61,5782.02,5836.22,0,0.001575,1,1
108105,2025-01-14,5805.42,5871.92,5859.27,5842.91,0,0.001146,1,1
108105,2025-01-15,5905.21,5960.61,5905.21,5949.91,0,0.018313,1,1
108105,2025-01-16,5930.72,5964.69,5963.61,5937.34,0,-0.002113,1,1
108105,2025-01-17,5978.44,6014.96,5995.4,5996.66,0,0.009991,1,1
108105,2025-01-21,6006.88,6051.51,6014.12,6049.24,0,0.008768,1,1
108105,2025-01-22,6076.13,6100.81,6081.39,6086.37,0,0.006138,1,1
108105,2025-01-23,6074.67,6118.73,6076.32,6118.71,0,0.005313,1,1
108105,2025-01-24,6088.74,6128.18,6121.43,6101.24,0,-0.002855,1,1
108105,2025-01-27,5962.92,6017.17,5969.04,6012.28,0,-0.014581,1,1
108105,2025-01-28,5994.63,6074.54,6026.97,6067.7,0,0.009218,1,1
108105,2025-01-29,6012.96,6062.83,6057.7,6039.31,0,-0.004679,1,1
108105,2025-01-30,6027.46,6086.64,6050.75,6071.17,0,0.005275,1,1
108105,2025-01-31,6030.93,6120.91,6096.79,6040.53,0,-0.005047,1,1
108105,2025-02-03,5923.93,6022.13,5969.65,5994.57,0,-0.007609,1,1
108105,2025-02-04,5990.87,6042.48,5998.14,6037.88,0,0.007225,1,1
108105,2025-02-05,6007.06,6062.86,6020.45,6061.48,0,0.003909,1,1
108105,2025-02-06,6046.83,6084.03,6072.22,6083.57,0,0.003644,1,1
108105,2025-02-07,6019.96,6101.28,6083.13,6025.99,0,-0.009465,1,1
108105,2025-02-10,6044.84,6073.38,6046.4,6066.44,0,0.006713,1,1
108105,2025-02-11,6042.34,6076.28,6049.32,6068.5,0,0.00034,1,1
108105,2025-02-12,6003,6063,6025.08,6051.97,0,-0.002724,1,1
108105,2025-02-13,6050.95,6116.91,6060.59,6115.07,0,0.010426,1,1
108105,2025-02-14,6107.62,6127.47,6115.52,6114.63,0,-0.000072,1,1
108105,2025-02-18,6099.51,6129.63,6121.6,6129.58,0,0.002445,1,1
108105,2025-02-19,6111.15,6147.43,6117.76,6144.15,0,0.002377,1,1
108105,2025-02-20,6084.59,6134.5,6134.5,6117.52,0,-0.004334,1,1
108105,2025-02-21,6008.56,6114.82,6114.1,6013.13,0,-0.017064,1,1
108105,2025-02-24,5977.83,6043.65,6026.69,5983.25,0,-0.004969,1,1
108105,2025-02-25,5908.49,5992.65,5982.73,5955.25,0,-0.00468,1,1
108105,2025-02-26,5932.69,6009.82,5970.87,5956.06,0,0.000136,1,1
108105,2025-02-27,5858.78,5993.69,5981.88,5861.57,0,-0.015865,1,1
108105,2025-02-28,5837.66,5959.4,5856.74,5954.5,0,0.015854,1,1
108105,2025-03-03,5810.91,5986.09,5968.33,5849.72,0,-0.017597,1,1
108105,2025-03-04,5732.59,5865.08,5811.98,5778.15,0,-0.012235,1,1
108105,2025-03-05,5742.35,5860.59,5781.36,5842.63,0,0.011159,1,1
108105,2025-03-06,5711.64,5812.08,5785.87,5738.52,0,-0.017819,1,1
108105,2025-03-07,5666.29,5783.01,5726.01,5770.2,0,0.005521,1,1
108105,2025-03-10,5564.02,5705.37,5705.37,5614.56,0,-0.026973,1,1
108105,2025-03-11,5528.41,5636.3,5603.65,5572.07,0,-0.007568,1,1
108105,2025-03-12,5546.09,5642.19,5624.84,5599.3,0,0.004887,1,1
108105,2025-03-13,5504.65,5597.78,5594.45,5521.52,0,-0.013891,1,1
108105,2025-03-14,5563.85,5645.27,5563.85,5638.94,0,0.021266,1,1
108105,2025-03-17,5631.12,5703.52,5635.6,5675.12,0,0.006416,1,1
108105,2025-03-18,5597.76,5654.53,5654.53,5614.66,0,-0.010654,1,1
108105,2025-03-19,5622.2,5715.33,5632.37,5675.29,0,0.010799,1,1
108105,2025-03-20,5632.33,5711.15,5646.92,5662.89,0,-0.002185,1,1
108105,2025-03-21,5603.1,5670.84,5630.73,5667.56,0,0.000825,1,1
108105,2025-03-24,5718.08,5775.14,5718.08,5767.57,0,0.017646,1,1
108105,2025-03-25,5760.42,5786.95,5775.96,5776.65,0,0.001574,1,1
108105,2025-03-26,5694.41,5783.62,5771.66,5712.2,0,-0.011157,1,1
108105,2025-03-27,5670.94,5732.28,5695.64,5693.31,0,-0.003307,1,1
108105,2025-03-28,5572.42,5685.89,5679.2,5580.94,0,-0.019737,1,1
108105,2025-03-31,5488.73,5627.56,5527.91,5611.85,0,0.005539,1,1
108105,2025-04-01,5558.52,5650.57,5597.53,5633.07,0,0.003781,1,1
108105,2025-04-02,5571.48,5695.31,5580.76,5670.97,0,0.006728,1,1
108105,2025-04-03,5390.83,5499.53,5492.74,5396.52,0,-0.048396,1,1
108105,2025-04-04,5069.9,5292.14,5292.14,5074.08,0,-0.05975,1,1
108105,2025-04-07,4835.04,5246.57,4953.79,5062.25,0,-0.002331,1,1
108105,2025-04-08,4910.42,5267.47,5193.57,4982.77,0,-0.015701,1,1
108105,2025-04-09,4948.43,5481.34,4965.28,5456.9,0,0.095154,1,1
108105,2025-04-10,5115.27,5353.15,5353.15,5268.05,0,-0.034608,1,1
108105,2025-04-11,5220.77,5381.46,5255.56,5363.36,0,0.018092,1,1
108105,2025-04-14,5358.02,5459.46,5441.96,5405.97,0,0.007945,1,1
108105,2025-04-15,5386.44,5450.41,5411.99,5396.63,0,-0.001728,1,1
108105,2025-04-16,5220.79,5367.24,5335.75,5275.7,0,-0.022408,1,1
108105,2025-04-17,5255.58,5328.31,5305.45,5282.7,0,0.001327,1,1
108105,2025-04-21,5101.63,5232.94,5232.94,5158.2,0,-0.023567,1,1
108105,2025-04-22,5207.67,5309.61,5207.67,5287.76,0,0.025117,1,1
108105,2025-04-23,5356.17,5469.69,5395.92,5375.86,0,0.016661,1,1
108105,2025-04-24,5371.96,5489.4,5381.38,5484.77,0,0.020259,1,1
108105,2025-04-25,5455.86,5528.11,5489.73,5525.21,0,0.007373,1,1
108105,2025-04-28,5468.64,5553.66,5529.22,5528.75,0,0.000641,1,1
108105,2025-04-29,5505.7,5571.95,5508.87,5560.83,0,0.005802,1,1
108105,2025-04-30,5433.24,5581.84,5499.44,5569.06,0,0.00148,1,1
108105,2025-05-01,5597.35,5658.91,5625.14,5604.14,0,0.006299,1,1
108105,2025-05-02,5642.28,5700.7,5645.88,5686.67,0,0.014727,1,1
108105,2025-05-05,5634.48,5683.38,5655.32,5650.38,0,-0.006382,1,1
108105,2025-05-06,5586.04,5649.58,5605.87,5606.91,0,-0.007693,1,1
108105,2025-05-07,5578.64,5654.73,5614.18,5631.28,0,0.004346,1,1
108105,2025-05-08,5635.38,5720.1,5663.6,5663.94,0,0.0058,1,1
108105,2025-05-09,5644.15,5691.69,5679.65,5659.91,0,-0.000711,1,1
108105,2025-05-12,5786.08,5845.37,5807.2,5844.19,0,0.032559,1,1
108105,2025-05-13,5845.02,5906.64,5854.15,5886.55,0,0.007248,1,1
108105,2025-05-14,5872.11,5906.55,5896.74,5892.58,0,0.001024,1,1
108105,2025-05-15,5865.16,5924.21,5869.82,5916.93,0,0.004132,1,1
108105,2025-05-16,5907.36,5958.62,5929.09,5958.38,0,0.007005,1,1
108105,2025-05-19,5895.69,5968.61,5902.88,5963.6,0,0.000876,1,1
108105,2025-05-20,5909.26,5953.06,5944.66,5940.46,0,-0.00388,1,1
108105,2025-05-21,5830.91,5938.37,5910.18,5844.61,0,-0.016135,1,1
108105,2025-05-22,5825.82,5878.08,5841.26,5842.01,0,-0.000445,1,1
108105,2025-05-23,5767.41,5829.51,5781.89,5802.82,0,-0.006708,1,1
108105,2025-05-27,5854.07,5924.33,5854.07,5921.54,0,0.020459,1,1
108105,2025-05-28,5881.88,5939.92,5925.54,5888.55,0,-0.005571,1,1
108105,2025-05-29,5873.8,5943.13,5939.96,5912.17,0,0.004011,1,1
108105,2025-05-30,5843.66,5922.14,5903.67,5911.69,0,-0.000081,1,1
108105,2025-06-02,5861.43,5937.4,5896.68,5935.94,0,0.004102,1,1
108105,2025-06-03,5929,5981.35,5938.56,5970.37,0,0.0058,1,1
108105,2025-06-04,5966.11,5990.48,5978.94,5970.81,0,0.000074,1,1
108105,2025-06-05,5921.2,5999.7,5985.67,5939.3,0,-0.005277,1,1
108105,2025-06-06,5978.63,6016.87,5987.06,6000.36,0,0.010281,1,1
108105,2025-06-09,5994.18,6021.31,6004.63,6005.88,0,0.00092,1,1
108105,2025-06-10,6000.28,6043.01,6009.91,6038.81,0,0.005483,1,1
108105,2025-06-11,6002.32,6059.4,6049.38,6022.24,0,-0.002744,1,1
108105,2025-06-12,6003.88,6045.43,6009.9,6045.26,0,0.003822,1,1
108105,2025-06-13,5963.21,6026.16,6000.56,5976.97,0,-0.011296,1,1
108105,2025-06-16,6004,6050.83,6004,6033.11,0,0.009393,1,1
108105,2025-06-17,5974.8,6023.25,6012.15,5982.72,0,-0.008352,1,1
108105,2025-06-18,5971.89,6018.25,5987.93,5980.87,0,-0.000309,1,1
108105,2025-06-20,5952.56,6018.2,5999.67,5967.84,0,-0.002179,1,1
108105,2025-06-23,5943.23,6028.77,5969.67,6025.17,0,0.009607,1,1
108105,2025-06-24,6059.25,6101.76,6061.21,6092.18,0,0.011122,1,1
108105,2025-06-25,6080.09,6108.51,6104.23,6092.16,0,-3E-6,1,1
108105,2025-06-26,6107.27,6146.52,6112.09,6141.02,0,0.00802,1,1
108105,2025-06-27,6132.35,6187.68,6150.7,6173.07,0,0.005219,1,1
108105,2025-06-30,6174.97,6215.08,6193.36,6204.95,0,0.005164,1,1
108105,2025-07-01,6177.97,6210.78,6187.25,6198.01,0,-0.001119,1,1
108105,2025-07-02,6188.29,6227.6,6193.88,6227.42,0,0.004745,1,1
108105,2025-07-03,6246.46,6284.65,6246.46,6279.35,0,0.008339,1,1
108105,2025-07-07,6201,6262.07,6259.04,6229.98,0,-0.007862,1,1
108105,2025-07-08,6217.75,6242.7,6234.03,6225.52,0,-0.000716,1,1
108105,2025-07-09,6231.43,6269.16,6243.33,6263.26,0,0.006062,1,1
108105,2025-07-10,6251.44,6290.22,6266.8,6280.46,0,0.002746,1,1
108105,2025-07-11,6237.6,6269.44,6255.68,6259.75,0,-0.003298,1,1
108105,2025-07-14,6239.22,6273.31,6255.15,6268.56,0,0.001407,1,1
108105,2025-07-15,6241.68,6302.04,6295.29,6243.76,0,-0.003956,1,1
108105,2025-07-16,6201.59,6268.12,6254.5,6263.7,0,0.003194,1,1
108105,2025-07-17,6262.27,6304.69,6263.4,6297.36,0,0.005374,1,1
108105,2025-07-18,6285.27,6315.61,6312.95,6296.79,0,-0.00009,1,1
108105,2025-07-21,6303.79,6336.08,6304.74,6305.6,0,0.001399,1,1
108105,2025-07-22,6281.71,6316.12,6306.6,6309.62,0,0.000638,1,1
108105,2025-07-23,6317.49,6360.64,6326.9,6358.91,0,0.007812,1,1
108105,2025-07-24,6360.57,6381.31,6368.6,6363.35,0,0.000698,1,1
108105,2025-07-25,6368.53,6395.82,6370.01,6388.64,0,0.003974,1,1
108105,2025-07-28,6375.79,6401.07,6397.69,6389.77,0,0.000177,1,1
108105,2025-07-29,6363.92,6409.26,6405.62,6370.86,0,-0.002959,1,1
108105,2025-07-30,6336.38,6396.54,6381.23,6362.9,0,-0.001249,1,1
108105,2025-07-31,6327.64,6427.02,6427.02,6339.39,0,-0.003695,1,1
108105,2025-08-01,6212.69,6287.28,6287.28,6238.01,0,-0.015992,1,1
108105,2025-08-04,6271.71,6330.69,6271.71,6329.94,0,0.014737,1,1
108105,2025-08-05,6289.37,6346,6336.63,6299.19,0,-0.004858,1,1
108105,2025-08-06,6301.11,6352.83,6309.3,6345.06,0,0.007282,1,1
108105,2025-08-07,6310.32,6389.71,6374.32,6340,0,-0.000797,1,1
108105,2025-08-08,6355.22,6395.16,6355.22,6389.45,0,0.0078,1,1
108105,2025-08-11,6364.06,6407.25,6389.67,6373.45,0,-0.002504,1,1
108105,2025-08-12,6385.76,6446.55,6395.17,6445.76,0,0.011345,1,1
108105,2025-08-13,6445.02,6480.28,6462.67,6466.58,0,0.00323,1,1
108105,2025-08-14,6441.07,6473.92,6453.46,6468.54,0,0.000303,1,1
108105,2025-08-15,6441.85,6481.34,6477.38,6449.8,0,-0.002897,1,1
108105,2025-08-18,6437.7,6455.35,6445.02,6449.15,0,-0.000101,1,1
108105,2025-08-19,6400.22,6456.48,6446.24,6411.37,0,-0.005858,1,1
108105,2025-08-20,6343.86,6408.4,6406.62,6395.78,0,-0.002432,1,1
108105,2025-08-21,6352.71,6393.65,6380.83,6370.17,0,-0.004004,1,1
108105,2025-08-22,6384.59,6478.89,6384.59,6466.91,0,0.015186,1,1
108105,2025-08-25,6438.06,6466.89,6457.67,6439.32,0,-0.004266,1,1
108105,2025-08-26,6429.21,6468.37,6435.49,6465.94,0,0.004134,1,1
108105,2025-08-27,6457.84,6487.06,6462.26,6481.4,0,0.002391,1,1
108105,2025-08-28,6466.96,6508.23,6483.84,6501.86,0,0.003157,1,1
108105,2025-08-29,6444.57,6491.76,6489.28,6460.26,0,-0.006398,1,1
